Workbook
Name Topology_Coding: Reference!$B$2:$B$10
Name Additional_Tasks: Reference!$D$2:$D$10
Name Field_Testing: Reference!$C$2:$C$10
Name Manual_TPfC: Reference!$A$2:$A$10

Sheet Anjali
A1: KW | B1: Holiday OR Weekend | C1: Day | D1: Date | E1: Project | F1: Task | G1: Duration (Hrs) | H1: No. of Signals | I1: Time per Signal (mins) | J1: Notes
A2: =WEEKNUM(D2,2) -> 18 | B2: =IF(OR(WEEKDAY(D2)=1, WEEKDAY(D2)=7), TEXT(D2, "dddd"), IF(COUNTIF(Reference!$A$13:$A$27, D2) > 0, "Holiday", TEXT(D2, "dddd"))) -> Holiday | C2: =TEXT(D2,"dddd") -> Friday | D2: 46143 | P2: =IF(ISBLANK(E2), "", TRANSPOSE(INDIRECT(E2)))
A3: =WEEKNUM(D3,2) -> 18 | B3: =IF(OR(WEEKDAY(D3)=1, WEEKDAY(D3)=7), TEXT(D3, "dddd"), IF(COUNTIF(Reference!$A$13:$A$27, D3) > 0, "Holiday", TEXT(D3, "dddd"))) -> Saturday | C3: =TEXT(D3,"dddd") -> Saturday | D3: 46144 | I3: =IFERROR((G3/H3)*60, "") | P3: =IF(ISBLANK(E3), "", TRANSPOSE(INDIRECT(E3)))
A4: =WEEKNUM(D4,2) -> 18 | B4: =IF(OR(WEEKDAY(D4)=1, WEEKDAY(D4)=7), TEXT(D4, "dddd"), IF(COUNTIF(Reference!$A$13:$A$27, D4) > 0, "Holiday", TEXT(D4, "dddd"))) -> Sunday | C4: =TEXT(D4,"dddd") -> Sunday | D4: 46145 | I4: =IFERROR((G4/H4)*60, "") | P4: =IF(ISBLANK(E4), "", TRANSPOSE(INDIRECT(E4)))
A5: =WEEKNUM(D5,2) -> 19 | B5: =IF(OR(WEEKDAY(D5)=1, WEEKDAY(D5)=7), TEXT(D5, "dddd"), IF(COUNTIF(Reference!$A$13:$A$27, D5) > 0, "Holiday", TEXT(D5, "dddd"))) -> Monday | C5: =TEXT(D5,"dddd") -> Monday | D5: 46146 | I5: =IFERROR((G5/H5)*60, "") | P5: =IF(ISBLANK(E5), "", TRANSPOSE(INDIRECT(E5)))
A6: =WEEKNUM(D6,2) -> 19 | B6: =IF(OR(WEEKDAY(D6)=1, WEEKDAY(D6)=7), TEXT(D6, "dddd"), IF(COUNTIF(Reference!$A$13:$A$27, D6) > 0, "Holiday", TEXT(D6, "dddd"))) -> Tuesday | C6: =TEXT(D6,"dddd") -> Tuesday | D6: 46147 | I6: =IFERROR((G6/H6)*60, "") | J6: Urlaub | P6: =IF(ISBLANK(E6), "", TRANSPOSE(INDIRECT(E6)))
A7: =WEEKNUM(D7,2) -> 19 | B7: =IF(OR(WEEKDAY(D7)=1, WEEKDAY(D7)=7), TEXT(D7, "dddd"), IF(COUNTIF(Reference!$A$13:$A$27, D7) > 0, "Holiday", TEXT(D7, "dddd"))) -> Wednesday | C7: =TEXT(D7,"dddd") -> Wednesday | D7: 46148 | I7: =IFERROR((G7/H7)*60, "") | J7: Urlaub | P7: =IF(ISBLANK(E7), "", TRANSPOSE(INDIRECT(E7)))
A8: =WEEKNUM(D8,2) -> 19 | B8: =IF(OR(WEEKDAY(D8)=1, WEEKDAY(D8)=7), TEXT(D8, "dddd"), IF(COUNTIF(Reference!$A$13:$A$27, D8) > 0, "Holiday", TEXT(D8, "dddd"))) -> Thursday | C8: =TEXT(D8,"dddd") -> Thursday | D8: 46149 | I8: =IFERROR((G8/H8)*60, "") | J8: Urlaub | P8: =IF(ISBLANK(E8), "", TRANSPOSE(INDIRECT(E8)))
A9: =WEEKNUM(D9,2) -> 19 | B9: =IF(OR(WEEKDAY(D9)=1, WEEKDAY(D9)=7), TEXT(D9, "dddd"), IF(COUNTIF(Reference!$A$13:$A$27, D9) > 0, "Holiday", TEXT(D9, "dddd"))) -> Friday | C9: =TEXT(D9,"dddd") -> Friday | D9: 46150 | I9: =IFERROR((G9/H9)*60, "") | P9: =IF(ISBLANK(E9), "", TRANSPOSE(INDIRECT(E9)))
A10: =WEEKNUM(D10,2) -> 19 | B10: =IF(OR(WEEKDAY(D10)=1, WEEKDAY(D10)=7), TEXT(D10, "dddd"), IF(COUNTIF(Reference!$A$13:$A$27, D10) > 0, "Holiday", TEXT(D10, "dddd"))) -> Saturday | C10: =TEXT(D10,"dddd") -> Saturday | D10: 46151 | I10: =IFERROR((G10/H10)*60, "") | P10: =IF(ISBLANK(E10), "", TRANSPOSE(INDIRECT(E10)))
A11: =WEEKNUM(D11,2) -> 19 | B11: =IF(OR(WEEKDAY(D11)=1, WEEKDAY(D11)=7), TEXT(D11, "dddd"), IF(COUNTIF(Reference!$A$13:$A$27, D11) > 0, "Holiday", TEXT(D11, "dddd"))) -> Sunday | C11: =TEXT(D11,"dddd") -> Sunday | D11: 46152 | I11: =IFERROR((G11/H11)*60, "") | P11: =IF(ISBLANK(E11), "", TRANSPOSE(INDIRECT(E11)))
A12: =WEEKNUM(D12,2) -> 20 | B12: =IF(OR(WEEKDAY(D12)=1, WEEKDAY(D12)=7), TEXT(D12, "dddd"), IF(COUNTIF(Reference!$A$13:$A$27, D12) > 0, "Holiday", TEXT(D12, "dddd"))) -> Monday | C12: =TEXT(D12,"dddd") -> Monday | D12: 46153 | I12: =IFERROR((G12/H12)*60, "") | P12: =IF(ISBLANK(E12), "", TRANSPOSE(INDIRECT(E12)))
A13: =WEEKNUM(D13,2) -> 20 | B13: =IF(OR(WEEKDAY(D13)=1, WEEKDAY(D13)=7), TEXT(D13, "dddd"), IF(COUNTIF(Reference!$A$13:$A$27, D13) > 0, "Holiday", TEXT(D13, "dddd"))) -> Tuesday | C13: =TEXT(D13,"dddd") -> Tuesday | D13: 46154 | E13: Topology_Coding | F13: Norway | G13: 8 | I13: =IFERROR((G13/H13)*60, "") | P13: =IF(ISBLANK(E13), "", TRANSPOSE(INDIRECT(E13))) -> Netherlands | Q13: Norway | R13: Switzerland | S13: UK
A14: =WEEKNUM(D14,2) -> 20 | B14: =IF(OR(WEEKDAY(D14)=1, WEEKDAY(D14)=7), TEXT(D14, "dddd"), IF(COUNTIF(Reference!$A$13:$A$27, D14) > 0, "Holiday", TEXT(D14, "dddd"))) -> Wednesday | C14: =TEXT(D14,"dddd") -> Wednesday | D14: 46155 | E14: Topology_Coding | F14: Norway | G14: 8 | I14: =IFERROR((G14/H14)*60, "") | P14: =IF(ISBLANK(E14), "", TRANSPOSE(INDIRECT(E14))) -> Netherlands | Q14: Norway | R14: Switzerland | S14: UK
A15: =WEEKNUM(D15,2) -> 20 | B15: =IF(OR(WEEKDAY(D15)=1, WEEKDAY(D15)=7), TEXT(D15, "dddd"), IF(COUNTIF(Reference!$A$13:$A$27, D15) > 0, "Holiday", TEXT(D15, "dddd"))) -> Holiday | C15: =TEXT(D15,"dddd") -> Thursday | D15: 46156 | I15: =IFERROR((G15/H15)*60, "") | P15: =IF(ISBLANK(E15), "", TRANSPOSE(INDIRECT(E15)))
A16: =WEEKNUM(D16,2) -> 20 | B16: =IF(OR(WEEKDAY(D16)=1, WEEKDAY(D16)=7), TEXT(D16, "dddd"), IF(COUNTIF(Reference!$A$13:$A$27, D16) > 0, "Holiday", TEXT(D16, "dddd"))) -> Friday | C16: =TEXT(D16,"dddd") -> Friday | D16: 46157 | E16: Topology_Coding | F16: Norway | G16: 4 | I16: =IFERROR((G16/H16)*60, "") | P16: =IF(ISBLANK(E16), "", TRANSPOSE(INDIRECT(E16))) -> Netherlands | Q16: Norway | R16: Switzerland | S16: UK
A17: =WEEKNUM(D17,2) -> 20 | B17: =IF(OR(WEEKDAY(D17)=1, WEEKDAY(D17)=7), TEXT(D17, "dddd"), IF(COUNTIF(Reference!$A$13:$A$27, D17) > 0, "Holiday", TEXT(D17, "dddd"))) -> Saturday | C17: =TEXT(D17,"dddd") -> Saturday | D17: 46158 | I17: =IFERROR((G17/H17)*60, "") | P17: =IF(ISBLANK(E17), "", TRANSPOSE(INDIRECT(E17)))
A18: =WEEKNUM(D18,2) -> 20 | B18: =IF(OR(WEEKDAY(D18)=1, WEEKDAY(D18)=7), TEXT(D18, "dddd"), IF(COUNTIF(Reference!$A$13:$A$27, D18) > 0, "Holiday", TEXT(D18, "dddd"))) -> Sunday | C18: =TEXT(D18,"dddd") -> Sunday | D18: 46159 | I18: =IFERROR((G18/H18)*60, "") | P18: =IF(ISBLANK(E18), "", TRANSPOSE(INDIRECT(E18)))
A19: =WEEKNUM(D19,2) -> 21 | B19: =IF(OR(WEEKDAY(D19)=1, WEEKDAY(D19)=7), TEXT(D19, "dddd"), IF(COUNTIF(Reference!$A$13:$A$27, D19) > 0, "Holiday", TEXT(D19, "dddd"))) -> Monday | C19: =TEXT(D19,"dddd") -> Monday | D19: 46160 | I19: =IFERROR((G19/H19)*60, "") | P19: =IF(ISBLANK(E19), "", TRANSPOSE(INDIRECT(E19)))
A20: =WEEKNUM(D20,2) -> 21 | B20: =IF(OR(WEEKDAY(D20)=1, WEEKDAY(D20)=7), TEXT(D20, "dddd"), IF(COUNTIF(Reference!$A$13:$A$27, D20) > 0, "Holiday", TEXT(D20, "dddd"))) -> Tuesday | C20: =TEXT(D20,"dddd") -> Tuesday | D20: 46161 | E20: Topology_Coding | F20: Norway | G20: 4 | I20: =IFERROR((G20/H20)*60, "") | P20: =IF(ISBLANK(E20), "", TRANSPOSE(INDIRECT(E20))) -> Netherlands | Q20: Norway | R20: Switzerland | S20: UK
A21: =WEEKNUM(D21,2) -> 21 | B21: =IF(OR(WEEKDAY(D21)=1, WEEKDAY(D21)=7), TEXT(D21, "dddd"), IF(COUNTIF(Reference!$A$13:$A$27, D21) > 0, "Holiday", TEXT(D21, "dddd"))) -> Wednesday | C21: =TEXT(D21,"dddd") -> Wednesday | D21: 46162 | E21: Topology_Coding | F21: Norway | G21: 8 | I21: =IFERROR((G21/H21)*60, "") | P21: =IF(ISBLANK(E21), "", TRANSPOSE(INDIRECT(E21))) -> Netherlands | Q21: Norway | R21: Switzerland | S21: UK
A22: =WEEKNUM(D22,2) -> 21 | B22: =IF(OR(WEEKDAY(D22)=1, WEEKDAY(D22)=7), TEXT(D22, "dddd"), IF(COUNTIF(Reference!$A$13:$A$27, D22) > 0, "Holiday", TEXT(D22, "dddd"))) -> Thursday | C22: =TEXT(D22,"dddd") -> Thursday | D22: 46163 | E22: Topology_Coding | F22: Norway | G22: 4 | I22: =IFERROR((G22/H22)*60, "") | P22: =IF(ISBLANK(E22), "", TRANSPOSE(INDIRECT(E22))) -> Netherlands | Q22: Norway | R22: Switzerland | S22: UK
A23: =WEEKNUM(D23,2) -> 21 | B23: =IF(OR(WEEKDAY(D23)=1, WEEKDAY(D23)=7), TEXT(D23, "dddd"), IF(COUNTIF(Reference!$A$13:$A$27, D23) > 0, "Holiday", TEXT(D23, "dddd"))) -> Friday | C23: =TEXT(D23,"dddd") -> Friday | D23: 46164 | E23: Topology_Coding | F23: Norway | G23: 4 | I23: =IFERROR((G23/H23)*60, "") | P23: =IF(ISBLANK(E23), "", TRANSPOSE(INDIRECT(E23))) -> Netherlands | Q23: Norway | R23: Switzerland | S23: UK
A24: =WEEKNUM(D24,2) -> 21 | B24: =IF(OR(WEEKDAY(D24)=1, WEEKDAY(D24)=7), TEXT(D24, "dddd"), IF(COUNTIF(Reference!$A$13:$A$27, D24) > 0, "Holiday", TEXT(D24, "dddd"))) -> Saturday | C24: =TEXT(D24,"dddd") -> Saturday | D24: 46165 | I24: =IFERROR((G24/H24)*60, "") | P24: =IF(ISBLANK(E24), "", TRANSPOSE(INDIRECT(E24)))
A25: =WEEKNUM(D25,2) -> 21 | B25: =IF(OR(WEEKDAY(D25)=1, WEEKDAY(D25)=7), TEXT(D25, "dddd"), IF(COUNTIF(Reference!$A$13:$A$27, D25) > 0, "Holiday", TEXT(D25, "dddd"))) -> Sunday | C25: =TEXT(D25,"dddd") -> Sunday | D25: 46166 | I25: =IFERROR((G25/H25)*60, "") | P25: =IF(ISBLANK(E25), "", TRANSPOSE(INDIRECT(E25)))
A26: =WEEKNUM(D26,2) -> 22 | B26: =IF(OR(WEEKDAY(D26)=1, WEEKDAY(D26)=7), TEXT(D26, "dddd"), IF(COUNTIF(Reference!$A$13:$A$27, D26) > 0, "Holiday", TEXT(D26, "dddd"))) -> Holiday | C26: =TEXT(D26,"dddd") -> Monday | D26: 46167 | I26: =IFERROR((G26/H26)*60, "") | P26: =IF(ISBLANK(E26), "", TRANSPOSE(INDIRECT(E26)))
A27: =WEEKNUM(D27,2) -> 22 | B27: =IF(OR(WEEKDAY(D27)=1, WEEKDAY(D27)=7), TEXT(D27, "dddd"), IF(COUNTIF(Reference!$A$13:$A$27, D27) > 0, "Holiday", TEXT(D27, "dddd"))) -> Tuesday | C27: =TEXT(D27,"dddd") -> Tuesday | D27: 46168 | E27: Topology_Coding | F27: Norway | G27: 4 | H27: 17 | I27: =IFERROR((G27/H27)*60, "") -> 14.117647 | P27: =IF(ISBLANK(E27), "", TRANSPOSE(INDIRECT(E27))) -> Netherlands | Q27: Norway | R27: Switzerland | S27: UK
A28: =WEEKNUM(D28,2) -> 22 | B28: =IF(OR(WEEKDAY(D28)=1, WEEKDAY(D28)=7), TEXT(D28, "dddd"), IF(COUNTIF(Reference!$A$13:$A$27, D28) > 0, "Holiday", TEXT(D28, "dddd"))) -> Wednesday | C28: =TEXT(D28,"dddd") -> Wednesday | D28: 46169 | E28: Topology_Coding | F28: Norway | G28: 4 | H28: 18 | I28: =IFERROR((G28/H28)*60, "") -> 13.333333 | P28: =IF(ISBLANK(E28), "", TRANSPOSE(INDIRECT(E28))) -> Netherlands | Q28: Norway | R28: Switzerland | S28: UK
A29: =WEEKNUM(D29,2) -> 22 | B29: =IF(OR(WEEKDAY(D29)=1, WEEKDAY(D29)=7), TEXT(D29, "dddd"), IF(COUNTIF(Reference!$A$13:$A$27, D29) > 0, "Holiday", TEXT(D29, "dddd"))) -> Thursday | C29: =TEXT(D29,"dddd") -> Thursday | D29: 46170 | E29: Topology_Coding | F29: Norway | G29: 8 | H29: 28 | I29: =IFERROR((G29/H29)*60, "") -> 17.142857 | P29: =IF(ISBLANK(E29), "", TRANSPOSE(INDIRECT(E29))) -> Netherlands | Q29: Norway | R29: Switzerland | S29: UK
A30: =WEEKNUM(D30,2) -> 22 | B30: =IF(OR(WEEKDAY(D30)=1, WEEKDAY(D30)=7), TEXT(D30, "dddd"), IF(COUNTIF(Reference!$A$13:$A$27, D30) > 0, "Holiday", TEXT(D30, "dddd"))) -> Friday | C30: =TEXT(D30,"dddd") -> Friday | D30: 46171 | I30: =IFERROR((G30/H30)*60, "") | P30: =IF(ISBLANK(E30), "", TRANSPOSE(INDIRECT(E30)))
A31: =WEEKNUM(D31,2) -> 22 | B31: =IF(OR(WEEKDAY(D31)=1, WEEKDAY(D31)=7), TEXT(D31, "dddd"), IF(COUNTIF(Reference!$A$13:$A$27, D31) > 0, "Holiday", TEXT(D31, "dddd"))) -> Saturday | C31: =TEXT(D31,"dddd") -> Saturday | D31: 46172 | I31: =IFERROR((G31/H31)*60, "") | P31: =IF(ISBLANK(E31), "", TRANSPOSE(INDIRECT(E31)))
A32: =WEEKNUM(D32,2) -> 22 | B32: =IF(OR(WEEKDAY(D32)=1, WEEKDAY(D32)=7), TEXT(D32, "dddd"), IF(COUNTIF(Reference!$A$13:$A$27, D32) > 0, "Holiday", TEXT(D32, "dddd"))) -> Sunday | C32: =TEXT(D32,"dddd") -> Sunday | D32: 46173 | I32: =IFERROR((G32/H32)*60, "") | P32: =IF(ISBLANK(E32), "", TRANSPOSE(INDIRECT(E32)))
A33: =WEEKNUM(D33,2) -> 23 | B33: =IF(OR(WEEKDAY(D33)=1, WEEKDAY(D33)=7), TEXT(D33, "dddd"), IF(COUNTIF(Reference!$A$13:$A$27, D33) > 0, "Holiday", TEXT(D33, "dddd"))) -> Monday | C33: =TEXT(D33,"dddd") -> Monday | D33: 46174 | E33: Topology_Coding | F33: Norway | G33: 4 | H33: 18 | I33: =IFERROR((G33/H33)*60, "") -> 13.333333 | P33: =IF(ISBLANK(E33), "", TRANSPOSE(INDIRECT(E33))) -> Netherlands | Q33: Norway | R33: Switzerland | S33: UK
A34: =WEEKNUM(D34,2) -> 23 | B34: =IF(OR(WEEKDAY(D34)=1, WEEKDAY(D34)=7), TEXT(D34, "dddd"), IF(COUNTIF(Reference!$A$13:$A$27, D34) > 0, "Holiday", TEXT(D34, "dddd"))) -> Tuesday | C34: =TEXT(D34,"dddd") -> Tuesday | D34: 46175 | E34: Topology_Coding | F34: Norway | G34: 4 | H34: 21 | I34: =IFERROR((G34/H34)*60, "") -> 11.428571 | P34: =IF(ISBLANK(E34), "", TRANSPOSE(INDIRECT(E34))) -> Netherlands | Q34: Norway | R34: Switzerland | S34: UK
A35: =WEEKNUM(D35,2) -> 23 | B35: =IF(OR(WEEKDAY(D35)=1, WEEKDAY(D35)=7), TEXT(D35, "dddd"), IF(COUNTIF(Reference!$A$13:$A$27, D35) > 0, "Holiday", TEXT(D35, "dddd"))) -> Wednesday | C35: =TEXT(D35,"dddd") -> Wednesday | D35: 46176 | E35: Topology_Coding | F35: Norway | G35: 8 | H35: 30 | I35: =IFERROR((G35/H35)*60, "") -> 16 | P35: =IF(ISBLANK(E35), "", TRANSPOSE(INDIRECT(E35))) -> Netherlands | Q35: Norway | R35: Switzerland | S35: UK
A36: =WEEKNUM(D36,2) -> 23 | B36: =IF(OR(WEEKDAY(D36)=1, WEEKDAY(D36)=7), TEXT(D36, "dddd"), IF(COUNTIF(Reference!$A$13:$A$27, D36) > 0, "Holiday", TEXT(D36, "dddd"))) -> Holiday | C36: =TEXT(D36,"dddd") -> Thursday | D36: 46177 | I36: =IFERROR((G36/H36)*60, "") | P36: =IF(ISBLANK(E36), "", TRANSPOSE(INDIRECT(E36)))
A37: =WEEKNUM(D37,2) -> 23 | B37: =IF(OR(WEEKDAY(D37)=1, WEEKDAY(D37)=7), TEXT(D37, "dddd"), IF(COUNTIF(Reference!$A$13:$A$27, D37) > 0, "Holiday", TEXT(D37, "dddd"))) -> Friday | C37: =TEXT(D37,"dddd") -> Friday | D37: 46178 | I37: =IFERROR((G37/H37)*60, "") | P37: =IF(ISBLANK(E37), "", TRANSPOSE(INDIRECT(E37)))
A38: =WEEKNUM(D38,2) -> 23 | B38: =IF(OR(WEEKDAY(D38)=1, WEEKDAY(D38)=7), TEXT(D38, "dddd"), IF(COUNTIF(Reference!$A$13:$A$27, D38) > 0, "Holiday", TEXT(D38, "dddd"))) -> Saturday | C38: =TEXT(D38,"dddd") -> Saturday | D38: 46179 | I38: =IFERROR((G38/H38)*60, "") | P38: =IF(ISBLANK(E38), "", TRANSPOSE(INDIRECT(E38)))
A39: =WEEKNUM(D39,2) -> 23 | B39: =IF(OR(WEEKDAY(D39)=1, WEEKDAY(D39)=7), TEXT(D39, "dddd"), IF(COUNTIF(Reference!$A$13:$A$27, D39) > 0, "Holiday", TEXT(D39, "dddd"))) -> Sunday | C39: =TEXT(D39,"dddd") -> Sunday | D39: 46180 | I39: =IFERROR((G39/H39)*60, "") | P39: =IF(ISBLANK(E39), "", TRANSPOSE(INDIRECT(E39)))
A40: =WEEKNUM(D40,2) -> 24 | B40: =IF(OR(WEEKDAY(D40)=1, WEEKDAY(D40)=7), TEXT(D40, "dddd"), IF(COUNTIF(Reference!$A$13:$A$27, D40) > 0, "Holiday", TEXT(D40, "dddd"))) -> Monday | C40: =TEXT(D40,"dddd") -> Monday | D40: 46181 | I40: =IFERROR((G40/H40)*60, "") | P40: =IF(ISBLANK(E40), "", TRANSPOSE(INDIRECT(E40)))
A41: =WEEKNUM(D41,2) -> 24 | B41: =IF(OR(WEEKDAY(D41)=1, WEEKDAY(D41)=7), TEXT(D41, "dddd"), IF(COUNTIF(Reference!$A$13:$A$27, D41) > 0, "Holiday", TEXT(D41, "dddd"))) -> Tuesday | C41: =TEXT(D41,"dddd") -> Tuesday | D41: 46182 | E41: Topology_Coding | F41: Norway | G41: 8 | H41: 33 | I41: =IFERROR((G41/H41)*60, "") -> 14.545455 | P41: =IF(ISBLANK(E41), "", TRANSPOSE(INDIRECT(E41))) -> Netherlands | Q41: Norway | R41: Switzerland | S41: UK
A42: =WEEKNUM(D42,2) -> 24 | B42: =IF(OR(WEEKDAY(D42)=1, WEEKDAY(D42)=7), TEXT(D42, "dddd"), IF(COUNTIF(Reference!$A$13:$A$27, D42) > 0, "Holiday", TEXT(D42, "dddd"))) -> Wednesday | C42: =TEXT(D42,"dddd") -> Wednesday | D42: 46183 | E42: Topology_Coding | F42: Norway | G42: 4 | H42: 17 | I42: =IFERROR((G42/H42)*60, "") -> 14.117647 | P42: =IF(ISBLANK(E42), "", TRANSPOSE(INDIRECT(E42))) -> Netherlands | Q42: Norway | R42: Switzerland | S42: UK
A43: =WEEKNUM(D43,2) -> 24 | B43: =IF(OR(WEEKDAY(D43)=1, WEEKDAY(D43)=7), TEXT(D43, "dddd"), IF(COUNTIF(Reference!$A$13:$A$27, D43) > 0, "Holiday", TEXT(D43, "dddd"))) -> Thursday | C43: =TEXT(D43,"dddd") -> Thursday | D43: 46184 | E43: Topology_Coding | F43: Norway | G43: 4 | H43: 20 | I43: =IFERROR((G43/H43)*60, "") -> 12 | P43: =IF(ISBLANK(E43), "", TRANSPOSE(INDIRECT(E43))) -> Netherlands | Q43: Norway | R43: Switzerland | S43: UK
A44: =WEEKNUM(D44,2) -> 24 | B44: =IF(OR(WEEKDAY(D44)=1, WEEKDAY(D44)=7), TEXT(D44, "dddd"), IF(COUNTIF(Reference!$A$13:$A$27, D44) > 0, "Holiday", TEXT(D44, "dddd"))) -> Friday | C44: =TEXT(D44,"dddd") -> Friday | D44: 46185 | I44: =IFERROR((G44/H44)*60, "") | P44: =IF(ISBLANK(E44), "", TRANSPOSE(INDIRECT(E44)))
A45: =WEEKNUM(D45,2) -> 24 | B45: =IF(OR(WEEKDAY(D45)=1, WEEKDAY(D45)=7), TEXT(D45, "dddd"), IF(COUNTIF(Reference!$A$13:$A$27, D45) > 0, "Holiday", TEXT(D45, "dddd"))) -> Saturday | C45: =TEXT(D45,"dddd") -> Saturday | D45: 46186 | I45: =IFERROR((G45/H45)*60, "") | P45: =IF(ISBLANK(E45), "", TRANSPOSE(INDIRECT(E45)))
A46: =WEEKNUM(D46,2) -> 24 | B46: =IF(OR(WEEKDAY(D46)=1, WEEKDAY(D46)=7), TEXT(D46, "dddd"), IF(COUNTIF(Reference!$A$13:$A$27, D46) > 0, "Holiday", TEXT(D46, "dddd"))) -> Sunday | C46: =TEXT(D46,"dddd") -> Sunday | D46: 46187 | I46: =IFERROR((G46/H46)*60, "") | P46: =IF(ISBLANK(E46), "", TRANSPOSE(INDIRECT(E46)))
A47: =WEEKNUM(D47,2) -> 25 | B47: =IF(OR(WEEKDAY(D47)=1, WEEKDAY(D47)=7), TEXT(D47, "dddd"), IF(COUNTIF(Reference!$A$13:$A$27, D47) > 0, "Holiday", TEXT(D47, "dddd"))) -> Monday | C47: =TEXT(D47,"dddd") -> Monday | D47: 46188 | I47: =IFERROR((G47/H47)*60, "") | P47: =IF(ISBLANK(E47), "", TRANSPOSE(INDIRECT(E47)))
A48: =WEEKNUM(D48,2) -> 25 | B48: =IF(OR(WEEKDAY(D48)=1, WEEKDAY(D48)=7), TEXT(D48, "dddd"), IF(COUNTIF(Reference!$A$13:$A$27, D48) > 0, "Holiday", TEXT(D48, "dddd"))) -> Tuesday | C48: =TEXT(D48,"dddd") -> Tuesday | D48: 46189 | E48: Topology_Coding | F48: Switzerland | G48: 8 | H48: 32 | I48: =IFERROR((G48/H48)*60, "") -> 15 | P48: =IF(ISBLANK(E48), "", TRANSPOSE(INDIRECT(E48))) -> Netherlands | Q48: Norway | R48: Switzerland | S48: UK
A49: =WEEKNUM(D49,2) -> 25 | B49: =IF(OR(WEEKDAY(D49)=1, WEEKDAY(D49)=7), TEXT(D49, "dddd"), IF(COUNTIF(Reference!$A$13:$A$27, D49) > 0, "Holiday", TEXT(D49, "dddd"))) -> Wednesday | C49: =TEXT(D49,"dddd") -> Wednesday | D49: 46190 | E49: Topology_Coding | F49: Switzerland | G49: 4 | H49: 16 | I49: =IFERROR((G49/H49)*60, "") -> 15 | P49: =IF(ISBLANK(E49), "", TRANSPOSE(INDIRECT(E49))) -> Netherlands | Q49: Norway | R49: Switzerland | S49: UK
A50: =WEEKNUM(D50,2) -> 25 | B50: =IF(OR(WEEKDAY(D50)=1, WEEKDAY(D50)=7), TEXT(D50, "dddd"), IF(COUNTIF(Reference!$A$13:$A$27, D50) > 0, "Holiday", TEXT(D50, "dddd"))) -> Thursday | C50: =TEXT(D50,"dddd") -> Thursday | D50: 46191 | E50: Topology_Coding | F50: Switzerland | G50: 4 | I50: =IFERROR((G50/H50)*60, "") | P50: =IF(ISBLANK(E50), "", TRANSPOSE(INDIRECT(E50))) -> Netherlands | Q50: Norway | R50: Switzerland | S50: UK
A51: =WEEKNUM(D51,2) -> 25 | B51: =IF(OR(WEEKDAY(D51)=1, WEEKDAY(D51)=7), TEXT(D51, "dddd"), IF(COUNTIF(Reference!$A$13:$A$27, D51) > 0, "Holiday", TEXT(D51, "dddd"))) -> Friday | C51: =TEXT(D51,"dddd") -> Friday | D51: 46192 | I51: =IFERROR((G51/H51)*60, "") | P51: =IF(ISBLANK(E51), "", TRANSPOSE(INDIRECT(E51)))
A52: =WEEKNUM(D52,2) -> 25 | B52: =IF(OR(WEEKDAY(D52)=1, WEEKDAY(D52)=7), TEXT(D52, "dddd"), IF(COUNTIF(Reference!$A$13:$A$27, D52) > 0, "Holiday", TEXT(D52, "dddd"))) -> Saturday | C52: =TEXT(D52,"dddd") -> Saturday | D52: 46193 | I52: =IFERROR((G52/H52)*60, "") | P52: =IF(ISBLANK(E52), "", TRANSPOSE(INDIRECT(E52)))
A53: =WEEKNUM(D53,2) -> 25 | B53: =IF(OR(WEEKDAY(D53)=1, WEEKDAY(D53)=7), TEXT(D53, "dddd"), IF(COUNTIF(Reference!$A$13:$A$27, D53) > 0, "Holiday", TEXT(D53, "dddd"))) -> Sunday | C53: =TEXT(D53,"dddd") -> Sunday | D53: 46194 | I53: =IFERROR((G53/H53)*60, "") | P53: =IF(ISBLANK(E53), "", TRANSPOSE(INDIRECT(E53)))
A54: =WEEKNUM(D54,2) -> 26 | B54: =IF(OR(WEEKDAY(D54)=1, WEEKDAY(D54)=7), TEXT(D54, "dddd"), IF(COUNTIF(Reference!$A$13:$A$27, D54) > 0, "Holiday", TEXT(D54, "dddd"))) -> Monday | C54: =TEXT(D54,"dddd") -> Monday | D54: 46195 | I54: =IFERROR((G54/H54)*60, "") | P54: =IF(ISBLANK(E54), "", TRANSPOSE(INDIRECT(E54)))
A55: =WEEKNUM(D55,2) -> 26 | B55: =IF(OR(WEEKDAY(D55)=1, WEEKDAY(D55)=7), TEXT(D55, "dddd"), IF(COUNTIF(Reference!$A$13:$A$27, D55) > 0, "Holiday", TEXT(D55, "dddd"))) -> Tuesday | C55: =TEXT(D55,"dddd") -> Tuesday | D55: 46196 | I55: =IFERROR((G55/H55)*60, "") | P55: =IF(ISBLANK(E55), "", TRANSPOSE(INDIRECT(E55)))
A56: =WEEKNUM(D56,2) -> 26 | B56: =IF(OR(WEEKDAY(D56)=1, WEEKDAY(D56)=7), TEXT(D56, "dddd"), IF(COUNTIF(Reference!$A$13:$A$27, D56) > 0, "Holiday", TEXT(D56, "dddd"))) -> Wednesday | C56: =TEXT(D56,"dddd") -> Wednesday | D56: 46197 | I56: =IFERROR((G56/H56)*60, "") | P56: =IF(ISBLANK(E56), "", TRANSPOSE(INDIRECT(E56)))
A57: =WEEKNUM(D57,2) -> 26 | B57: =IF(OR(WEEKDAY(D57)=1, WEEKDAY(D57)=7), TEXT(D57, "dddd"), IF(COUNTIF(Reference!$A$13:$A$27, D57) > 0, "Holiday", TEXT(D57, "dddd"))) -> Thursday | C57: =TEXT(D57,"dddd") -> Thursday | D57: 46198 | I57: =IFERROR((G57/H57)*60, "") | P57: =IF(ISBLANK(E57), "", TRANSPOSE(INDIRECT(E57)))
A58: =WEEKNUM(D58,2) -> 26 | B58: =IF(OR(WEEKDAY(D58)=1, WEEKDAY(D58)=7), TEXT(D58, "dddd"), IF(COUNTIF(Reference!$A$13:$A$27, D58) > 0, "Holiday", TEXT(D58, "dddd"))) -> Friday | C58: =TEXT(D58,"dddd") -> Friday | D58: 46199 | I58: =IFERROR((G58/H58)*60, "") | P58: =IF(ISBLANK(E58), "", TRANSPOSE(INDIRECT(E58)))
A59: =WEEKNUM(D59,2) -> 26 | B59: =IF(OR(WEEKDAY(D59)=1, WEEKDAY(D59)=7), TEXT(D59, "dddd"), IF(COUNTIF(Reference!$A$13:$A$27, D59) > 0, "Holiday", TEXT(D59, "dddd"))) -> Saturday | C59: =TEXT(D59,"dddd") -> Saturday | D59: 46200 | I59: =IFERROR((G59/H59)*60, "") | P59: =IF(ISBLANK(E59), "", TRANSPOSE(INDIRECT(E59)))
A60: =WEEKNUM(D60,2) -> 26 | B60: =IF(OR(WEEKDAY(D60)=1, WEEKDAY(D60)=7), TEXT(D60, "dddd"), IF(COUNTIF(Reference!$A$13:$A$27, D60) > 0, "Holiday", TEXT(D60, "dddd"))) -> Sunday | C60: =TEXT(D60,"dddd") -> Sunday | D60: 46201 | I60: =IFERROR((G60/H60)*60, "") | P60: =IF(ISBLANK(E60), "", TRANSPOSE(INDIRECT(E60)))
A61: =WEEKNUM(D61,2) -> 27 | B61: =IF(OR(WEEKDAY(D61)=1, WEEKDAY(D61)=7), TEXT(D61, "dddd"), IF(COUNTIF(Reference!$A$13:$A$27, D61) > 0, "Holiday", TEXT(D61, "dddd"))) -> Monday | C61: =TEXT(D61,"dddd") -> Monday | D61: 46202 | I61: =IFERROR((G61/H61)*60, "") | P61: =IF(ISBLANK(E61), "", TRANSPOSE(INDIRECT(E61)))
A62: =WEEKNUM(D62,2) -> 27 | B62: =IF(OR(WEEKDAY(D62)=1, WEEKDAY(D62)=7), TEXT(D62, "dddd"), IF(COUNTIF(Reference!$A$13:$A$27, D62) > 0, "Holiday", TEXT(D62, "dddd"))) -> Tuesday | C62: =TEXT(D62,"dddd") -> Tuesday | D62: 46203 | I62: =IFERROR((G62/H62)*60, "") | P62: =IF(ISBLANK(E62), "", TRANSPOSE(INDIRECT(E62)))
... A246: =WEEKNUM(D246,2) -> 53 | B246: =IF(OR(WEEKDAY(D246)=1, WEEKDAY(D246)=7), TEXT(D246, "dddd"), IF(COUNTIF(Reference!$A$13:$A$27, D246) > 0, "Holiday", TEXT(D246, "dddd"))) -> Holiday | C246: =TEXT(D246,"dddd") -> Thursday | D246: 46387 | I246: =IFERROR((G246/H246)*60, "") | P246: =IF(ISBLANK(E246), "", TRANSPOSE(INDIRECT(E246)))

Sheet Dhara
A1: KW | B1: Holiday OR Weekend | C1: Day | D1: Date | E1: Project | F1: Task | G1: Duration (Hrs) | H1: # of Signals | I1: Time per Signal (mins) | J1: Notes
A2: =WEEKNUM(D2,2) -> 18 | B2: =IF(OR(WEEKDAY(D2)=1, WEEKDAY(D2)=7), TEXT(D2, "dddd"), IF(COUNTIF(Reference!$A$13:$A$27, D2) > 0, "Holiday", TEXT(D2, "dddd"))) -> Holiday | C2: =TEXT(D2,"dddd") -> Friday | D2: 46143 | P2: =IF(ISBLANK(E2), "", TRANSPOSE(INDIRECT(E2)))
A3: =WEEKNUM(D3,2) -> 18 | B3: =IF(OR(WEEKDAY(D3)=1, WEEKDAY(D3)=7), TEXT(D3, "dddd"), IF(COUNTIF(Reference!$A$13:$A$27, D3) > 0, "Holiday", TEXT(D3, "dddd"))) -> Saturday | C3: =TEXT(D3,"dddd") -> Saturday | D3: 46144 | I3: =IFERROR((G3/H3)*60, "") | P3: =IF(ISBLANK(E3), "", TRANSPOSE(INDIRECT(E3)))
A4: =WEEKNUM(D4,2) -> 18 | B4: =IF(OR(WEEKDAY(D4)=1, WEEKDAY(D4)=7), TEXT(D4, "dddd"), IF(COUNTIF(Reference!$A$13:$A$27, D4) > 0, "Holiday", TEXT(D4, "dddd"))) -> Sunday | C4: =TEXT(D4,"dddd") -> Sunday | D4: 46145 | I4: =IFERROR((G4/H4)*60, "") | P4: =IF(ISBLANK(E4), "", TRANSPOSE(INDIRECT(E4)))
A5: =WEEKNUM(D5,2) -> 19 | B5: =IF(OR(WEEKDAY(D5)=1, WEEKDAY(D5)=7), TEXT(D5, "dddd"), IF(COUNTIF(Reference!$A$13:$A$27, D5) > 0, "Holiday", TEXT(D5, "dddd"))) -> Monday | C5: =TEXT(D5,"dddd") -> Monday | D5: 46146 | E5: Manual_TPfC | F5: TPfC Phase 3 | G5: 8 | H5: 16 | I5: =IFERROR((G5/H5)*60, "") -> 30 | P5: =IF(ISBLANK(E5), "", TRANSPOSE(INDIRECT(E5))) -> TPfC Phase 3 | Q5: TPfC Phase 4
A6: =WEEKNUM(D6,2) -> 19 | B6: =IF(OR(WEEKDAY(D6)=1, WEEKDAY(D6)=7), TEXT(D6, "dddd"), IF(COUNTIF(Reference!$A$13:$A$27, D6) > 0, "Holiday", TEXT(D6, "dddd"))) -> Tuesday | C6: =TEXT(D6,"dddd") -> Tuesday | D6: 46147 | E6: Manual_TPfC | F6: TPfC Phase 3 | G6: 4 | H6: 9 | I6: =IFERROR((G6/H6)*60, "") -> 26.666667 | P6: =IF(ISBLANK(E6), "", TRANSPOSE(INDIRECT(E6))) -> TPfC Phase 3 | Q6: TPfC Phase 4
A7: =WEEKNUM(D7,2) -> 19 | B7: =IF(OR(WEEKDAY(D7)=1, WEEKDAY(D7)=7), TEXT(D7, "dddd"), IF(COUNTIF(Reference!$A$13:$A$27, D7) > 0, "Holiday", TEXT(D7, "dddd"))) -> Wednesday | C7: =TEXT(D7,"dddd") -> Wednesday | D7: 46148 | E7: Manual_TPfC | F7: TPfC Phase 3 | G7: 8 | H7: 13 | I7: =IFERROR((G7/H7)*60, "") -> 36.923077 | P7: =IF(ISBLANK(E7), "", TRANSPOSE(INDIRECT(E7))) -> TPfC Phase 3 | Q7: TPfC Phase 4
A8: =WEEKNUM(D8,2) -> 19 | B8: =IF(OR(WEEKDAY(D8)=1, WEEKDAY(D8)=7), TEXT(D8, "dddd"), IF(COUNTIF(Reference!$A$13:$A$27, D8) > 0, "Holiday", TEXT(D8, "dddd"))) -> Thursday | C8: =TEXT(D8,"dddd") -> Thursday | D8: 46149 | I8: =IFERROR((G8/H8)*60, "") | P8: =IF(ISBLANK(E8), "", TRANSPOSE(INDIRECT(E8)))
A9: =WEEKNUM(D9,2) -> 19 | B9: =IF(OR(WEEKDAY(D9)=1, WEEKDAY(D9)=7), TEXT(D9, "dddd"), IF(COUNTIF(Reference!$A$13:$A$27, D9) > 0, "Holiday", TEXT(D9, "dddd"))) -> Friday | C9: =TEXT(D9,"dddd") -> Friday | D9: 46150 | I9: =IFERROR((G9/H9)*60, "") | P9: =IF(ISBLANK(E9), "", TRANSPOSE(INDIRECT(E9)))
A10: =WEEKNUM(D10,2) -> 19 | B10: =IF(OR(WEEKDAY(D10)=1, WEEKDAY(D10)=7), TEXT(D10, "dddd"), IF(COUNTIF(Reference!$A$13:$A$27, D10) > 0, "Holiday", TEXT(D10, "dddd"))) -> Saturday | C10: =TEXT(D10,"dddd") -> Saturday | D10: 46151 | I10: =IFERROR((G10/H10)*60, "") | P10: =IF(ISBLANK(E10), "", TRANSPOSE(INDIRECT(E10)))
A11: =WEEKNUM(D11,2) -> 19 | B11: =IF(OR(WEEKDAY(D11)=1, WEEKDAY(D11)=7), TEXT(D11, "dddd"), IF(COUNTIF(Reference!$A$13:$A$27, D11) > 0, "Holiday", TEXT(D11, "dddd"))) -> Sunday | C11: =TEXT(D11,"dddd") -> Sunday | D11: 46152 | I11: =IFERROR((G11/H11)*60, "") | P11: =IF(ISBLANK(E11), "", TRANSPOSE(INDIRECT(E11)))
A12: =WEEKNUM(D12,2) -> 20 | B12: =IF(OR(WEEKDAY(D12)=1, WEEKDAY(D12)=7), TEXT(D12, "dddd"), IF(COUNTIF(Reference!$A$13:$A$27, D12) > 0, "Holiday", TEXT(D12, "dddd"))) -> Monday | C12: =TEXT(D12,"dddd") -> Monday | D12: 46153 | E12: Manual_TPfC | F12: TPfC Phase 3 | G12: 8 | H12: 13 | I12: =IFERROR((G12/H12)*60, "") -> 36.923077 | P12: =IF(ISBLANK(E12), "", TRANSPOSE(INDIRECT(E12))) -> TPfC Phase 3 | Q12: TPfC Phase 4
A13: =WEEKNUM(D13,2) -> 20 | B13: =IF(OR(WEEKDAY(D13)=1, WEEKDAY(D13)=7), TEXT(D13, "dddd"), IF(COUNTIF(Reference!$A$13:$A$27, D13) > 0, "Holiday", TEXT(D13, "dddd"))) -> Tuesday | C13: =TEXT(D13,"dddd") -> Tuesday | D13: 46154 | E13: Manual_TPfC | F13: TPfC Phase 3 | G13: 8 | H13: 12 | I13: =IFERROR((G13/H13)*60, "") -> 40 | P13: =IF(ISBLANK(E13), "", TRANSPOSE(INDIRECT(E13))) -> TPfC Phase 3 | Q13: TPfC Phase 4
A14: =WEEKNUM(D14,2) -> 20 | B14: =IF(OR(WEEKDAY(D14)=1, WEEKDAY(D14)=7), TEXT(D14, "dddd"), IF(COUNTIF(Reference!$A$13:$A$27, D14) > 0, "Holiday", TEXT(D14, "dddd"))) -> Wednesday | C14: =TEXT(D14,"dddd") -> Wednesday | D14: 46155 | E14: Manual_TPfC | F14: TPfC Phase 3 | G14: 4 | H14: 10 | I14: =IFERROR((G14/H14)*60, "") -> 24 | P14: =IF(ISBLANK(E14), "", TRANSPOSE(INDIRECT(E14))) -> TPfC Phase 3 | Q14: TPfC Phase 4
A15: =WEEKNUM(D15,2) -> 20 | B15: =IF(OR(WEEKDAY(D15)=1, WEEKDAY(D15)=7), TEXT(D15, "dddd"), IF(COUNTIF(Reference!$A$13:$A$27, D15) > 0, "Holiday", TEXT(D15, "dddd"))) -> Holiday | C15: =TEXT(D15,"dddd") -> Thursday | D15: 46156 | I15: =IFERROR((G15/H15)*60, "") | P15: =IF(ISBLANK(E15), "", TRANSPOSE(INDIRECT(E15)))
A16: =WEEKNUM(D16,2) -> 20 | B16: =IF(OR(WEEKDAY(D16)=1, WEEKDAY(D16)=7), TEXT(D16, "dddd"), IF(COUNTIF(Reference!$A$13:$A$27, D16) > 0, "Holiday", TEXT(D16, "dddd"))) -> Friday | C16: =TEXT(D16,"dddd") -> Friday | D16: 46157 | I16: =IFERROR((G16/H16)*60, "") | P16: =IF(ISBLANK(E16), "", TRANSPOSE(INDIRECT(E16)))
A17: =WEEKNUM(D17,2) -> 20 | B17: =IF(OR(WEEKDAY(D17)=1, WEEKDAY(D17)=7), TEXT(D17, "dddd"), IF(COUNTIF(Reference!$A$13:$A$27, D17) > 0, "Holiday", TEXT(D17, "dddd"))) -> Saturday | C17: =TEXT(D17,"dddd") -> Saturday | D17: 46158 | I17: =IFERROR((G17/H17)*60, "") | P17: =IF(ISBLANK(E17), "", TRANSPOSE(INDIRECT(E17)))
A18: =WEEKNUM(D18,2) -> 20 | B18: =IF(OR(WEEKDAY(D18)=1, WEEKDAY(D18)=7), TEXT(D18, "dddd"), IF(COUNTIF(Reference!$A$13:$A$27, D18) > 0, "Holiday", TEXT(D18, "dddd"))) -> Sunday | C18: =TEXT(D18,"dddd") -> Sunday | D18: 46159 | I18: =IFERROR((G18/H18)*60, "") | P18: =IF(ISBLANK(E18), "", TRANSPOSE(INDIRECT(E18)))
A19: =WEEKNUM(D19,2) -> 21 | B19: =IF(OR(WEEKDAY(D19)=1, WEEKDAY(D19)=7), TEXT(D19, "dddd"), IF(COUNTIF(Reference!$A$13:$A$27, D19) > 0, "Holiday", TEXT(D19, "dddd"))) -> Monday | C19: =TEXT(D19,"dddd") -> Monday | D19: 46160 | I19: =IFERROR((G19/H19)*60, "") | P19: =IF(ISBLANK(E19), "", TRANSPOSE(INDIRECT(E19)))
A20: =WEEKNUM(D20,2) -> 21 | B20: =IF(OR(WEEKDAY(D20)=1, WEEKDAY(D20)=7), TEXT(D20, "dddd"), IF(COUNTIF(Reference!$A$13:$A$27, D20) > 0, "Holiday", TEXT(D20, "dddd"))) -> Tuesday | C20: =TEXT(D20,"dddd") -> Tuesday | D20: 46161 | E20: Manual_TPfC | F20: TPfC Phase 3 | G20: 8 | H20: 12 | I20: =IFERROR((G20/H20)*60, "") -> 40 | P20: =IF(ISBLANK(E20), "", TRANSPOSE(INDIRECT(E20))) -> TPfC Phase 3 | Q20: TPfC Phase 4
A21: =WEEKNUM(D21,2) -> 21 | B21: =IF(OR(WEEKDAY(D21)=1, WEEKDAY(D21)=7), TEXT(D21, "dddd"), IF(COUNTIF(Reference!$A$13:$A$27, D21) > 0, "Holiday", TEXT(D21, "dddd"))) -> Wednesday | C21: =TEXT(D21,"dddd") -> Wednesday | D21: 46162 | E21: Manual_TPfC | F21: TPfC Phase 3 | G21: 4 | H21: 9 | I21: =IFERROR((G21/H21)*60, "") -> 26.666667 | P21: =IF(ISBLANK(E21), "", TRANSPOSE(INDIRECT(E21))) -> TPfC Phase 3 | Q21: TPfC Phase 4
A22: =WEEKNUM(D22,2) -> 21 | B22: =IF(OR(WEEKDAY(D22)=1, WEEKDAY(D22)=7), TEXT(D22, "dddd"), IF(COUNTIF(Reference!$A$13:$A$27, D22) > 0, "Holiday", TEXT(D22, "dddd"))) -> Thursday | C22: =TEXT(D22,"dddd") -> Thursday | D22: 46163 | E22: Manual_TPfC | F22: TPfC Phase 3 | G22: 4 | H22: 6 | I22: =IFERROR((G22/H22)*60, "") -> 40 | P22: =IF(ISBLANK(E22), "", TRANSPOSE(INDIRECT(E22))) -> TPfC Phase 3 | Q22: TPfC Phase 4
A23: =WEEKNUM(D23,2) -> 21 | B23: =IF(OR(WEEKDAY(D23)=1, WEEKDAY(D23)=7), TEXT(D23, "dddd"), IF(COUNTIF(Reference!$A$13:$A$27, D23) > 0, "Holiday", TEXT(D23, "dddd"))) -> Friday | C23: =TEXT(D23,"dddd") -> Friday | D23: 46164 | E23: Manual_TPfC | F23: TPfC Phase 3 | G23: 4 | H23: 10 | I23: =IFERROR((G23/H23)*60, "") -> 24 | P23: =IF(ISBLANK(E23), "", TRANSPOSE(INDIRECT(E23))) -> TPfC Phase 3 | Q23: TPfC Phase 4
A24: =WEEKNUM(D24,2) -> 21 | B24: =IF(OR(WEEKDAY(D24)=1, WEEKDAY(D24)=7), TEXT(D24, "dddd"), IF(COUNTIF(Reference!$A$13:$A$27, D24) > 0, "Holiday", TEXT(D24, "dddd"))) -> Saturday | C24: =TEXT(D24,"dddd") -> Saturday | D24: 46165 | I24: =IFERROR((G24/H24)*60, "") | P24: =IF(ISBLANK(E24), "", TRANSPOSE(INDIRECT(E24)))
A25: =WEEKNUM(D25,2) -> 21 | B25: =IF(OR(WEEKDAY(D25)=1, WEEKDAY(D25)=7), TEXT(D25, "dddd"), IF(COUNTIF(Reference!$A$13:$A$27, D25) > 0, "Holiday", TEXT(D25, "dddd"))) -> Sunday | C25: =TEXT(D25,"dddd") -> Sunday | D25: 46166 | I25: =IFERROR((G25/H25)*60, "") | P25: =IF(ISBLANK(E25), "", TRANSPOSE(INDIRECT(E25)))
A26: =WEEKNUM(D26,2) -> 22 | B26: =IF(OR(WEEKDAY(D26)=1, WEEKDAY(D26)=7), TEXT(D26, "dddd"), IF(COUNTIF(Reference!$A$13:$A$27, D26) > 0, "Holiday", TEXT(D26, "dddd"))) -> Holiday | C26: =TEXT(D26,"dddd") -> Monday | D26: 46167 | I26: =IFERROR((G26/H26)*60, "") | P26: =IF(ISBLANK(E26), "", TRANSPOSE(INDIRECT(E26)))
A27: =WEEKNUM(D27,2) -> 22 | B27: =IF(OR(WEEKDAY(D27)=1, WEEKDAY(D27)=7), TEXT(D27, "dddd"), IF(COUNTIF(Reference!$A$13:$A$27, D27) > 0, "Holiday", TEXT(D27, "dddd"))) -> Tuesday | C27: =TEXT(D27,"dddd") -> Tuesday | D27: 46168 | E27: Manual_TPfC | F27: TPfC Phase 3 | G27: 8 | H27: 19 | I27: =IFERROR((G27/H27)*60, "") -> 25.263158 | P27: =IF(ISBLANK(E27), "", TRANSPOSE(INDIRECT(E27))) -> TPfC Phase 3 | Q27: TPfC Phase 4
A28: =WEEKNUM(D28,2) -> 22 | B28: =IF(OR(WEEKDAY(D28)=1, WEEKDAY(D28)=7), TEXT(D28, "dddd"), IF(COUNTIF(Reference!$A$13:$A$27, D28) > 0, "Holiday", TEXT(D28, "dddd"))) -> Wednesday | C28: =TEXT(D28,"dddd") -> Wednesday | D28: 46169 | E28: Manual_TPfC | F28: TPfC Phase 3 | G28: 8 | H28: 17 | I28: =IFERROR((G28/H28)*60, "") -> 28.235294 | P28: =IF(ISBLANK(E28), "", TRANSPOSE(INDIRECT(E28))) -> TPfC Phase 3 | Q28: TPfC Phase 4
A29: =WEEKNUM(D29,2) -> 22 | B29: =IF(OR(WEEKDAY(D29)=1, WEEKDAY(D29)=7), TEXT(D29, "dddd"), IF(COUNTIF(Reference!$A$13:$A$27, D29) > 0, "Holiday", TEXT(D29, "dddd"))) -> Thursday | C29: =TEXT(D29,"dddd") -> Thursday | D29: 46170 | E29: Manual_TPfC | F29: TPfC Phase 3 | G29: 4 | H29: 12 | I29: =IFERROR((G29/H29)*60, "") -> 20 | P29: =IF(ISBLANK(E29), "", TRANSPOSE(INDIRECT(E29))) -> TPfC Phase 3 | Q29: TPfC Phase 4
A30: =WEEKNUM(D30,2) -> 22 | B30: =IF(OR(WEEKDAY(D30)=1, WEEKDAY(D30)=7), TEXT(D30, "dddd"), IF(COUNTIF(Reference!$A$13:$A$27, D30) > 0, "Holiday", TEXT(D30, "dddd"))) -> Friday | C30: =TEXT(D30,"dddd") -> Friday | D30: 46171 | I30: =IFERROR((G30/H30)*60, "") | P30: =IF(ISBLANK(E30), "", TRANSPOSE(INDIRECT(E30)))
A31: =WEEKNUM(D31,2) -> 22 | B31: =IF(OR(WEEKDAY(D31)=1, WEEKDAY(D31)=7), TEXT(D31, "dddd"), IF(COUNTIF(Reference!$A$13:$A$27, D31) > 0, "Holiday", TEXT(D31, "dddd"))) -> Saturday | C31: =TEXT(D31,"dddd") -> Saturday | D31: 46172 | I31: =IFERROR((G31/H31)*60, "") | P31: =IF(ISBLANK(E31), "", TRANSPOSE(INDIRECT(E31)))
A32: =WEEKNUM(D32,2) -> 22 | B32: =IF(OR(WEEKDAY(D32)=1, WEEKDAY(D32)=7), TEXT(D32, "dddd"), IF(COUNTIF(Reference!$A$13:$A$27, D32) > 0, "Holiday", TEXT(D32, "dddd"))) -> Sunday | C32: =TEXT(D32,"dddd") -> Sunday | D32: 46173 | I32: =IFERROR((G32/H32)*60, "") | P32: =IF(ISBLANK(E32), "", TRANSPOSE(INDIRECT(E32)))
A33: =WEEKNUM(D33,2) -> 23 | B33: =IF(OR(WEEKDAY(D33)=1, WEEKDAY(D33)=7), TEXT(D33, "dddd"), IF(COUNTIF(Reference!$A$13:$A$27, D33) > 0, "Holiday", TEXT(D33, "dddd"))) -> Monday | C33: =TEXT(D33,"dddd") -> Monday | D33: 46174 | E33: Manual_TPfC | F33: TPfC Phase 3 | G33: 8 | H33: 18 | I33: =IFERROR((G33/H33)*60, "") -> 26.666667 | P33: =IF(ISBLANK(E33), "", TRANSPOSE(INDIRECT(E33))) -> TPfC Phase 3 | Q33: TPfC Phase 4
A34: =WEEKNUM(D34,2) -> 23 | B34: =IF(OR(WEEKDAY(D34)=1, WEEKDAY(D34)=7), TEXT(D34, "dddd"), IF(COUNTIF(Reference!$A$13:$A$27, D34) > 0, "Holiday", TEXT(D34, "dddd"))) -> Tuesday | C34: =TEXT(D34,"dddd") -> Tuesday | D34: 46175 | E34: Manual_TPfC | F34: TPfC Phase 3 | G34: 4 | H34: 22 | I34: =IFERROR((G34/H34)*60, "") -> 10.909091 | P34: =IF(ISBLANK(E34), "", TRANSPOSE(INDIRECT(E34))) -> TPfC Phase 3 | Q34: TPfC Phase 4
A35: =WEEKNUM(D35,2) -> 23 | B35: =IF(OR(WEEKDAY(D35)=1, WEEKDAY(D35)=7), TEXT(D35, "dddd"), IF(COUNTIF(Reference!$A$13:$A$27, D35) > 0, "Holiday", TEXT(D35, "dddd"))) -> Wednesday | C35: =TEXT(D35,"dddd") -> Wednesday | D35: 46176 | E35: Manual_TPfC | F35: TPfC Phase 3 | G35: 4 | H35: 8 | I35: =IFERROR((G35/H35)*60, "") -> 30 | P35: =IF(ISBLANK(E35), "", TRANSPOSE(INDIRECT(E35))) -> TPfC Phase 3 | Q35: TPfC Phase 4
A36: =WEEKNUM(D36,2) -> 23 | B36: =IF(OR(WEEKDAY(D36)=1, WEEKDAY(D36)=7), TEXT(D36, "dddd"), IF(COUNTIF(Reference!$A$13:$A$27, D36) > 0, "Holiday", TEXT(D36, "dddd"))) -> Holiday | C36: =TEXT(D36,"dddd") -> Thursday | D36: 46177 | I36: =IFERROR((G36/H36)*60, "") | P36: =IF(ISBLANK(E36), "", TRANSPOSE(INDIRECT(E36)))
A37: =WEEKNUM(D37,2) -> 23 | B37: =IF(OR(WEEKDAY(D37)=1, WEEKDAY(D37)=7), TEXT(D37, "dddd"), IF(COUNTIF(Reference!$A$13:$A$27, D37) > 0, "Holiday", TEXT(D37, "dddd"))) -> Friday | C37: =TEXT(D37,"dddd") -> Friday | D37: 46178 | E37: Manual_TPfC | F37: TPfC Phase 3 | G37: 4 | H37: 10 | I37: =IFERROR((G37/H37)*60, "") -> 24 | P37: =IF(ISBLANK(E37), "", TRANSPOSE(INDIRECT(E37))) -> TPfC Phase 3 | Q37: TPfC Phase 4
A38: =WEEKNUM(D38,2) -> 23 | B38: =IF(OR(WEEKDAY(D38)=1, WEEKDAY(D38)=7), TEXT(D38, "dddd"), IF(COUNTIF(Reference!$A$13:$A$27, D38) > 0, "Holiday", TEXT(D38, "dddd"))) -> Saturday | C38: =TEXT(D38,"dddd") -> Saturday | D38: 46179 | I38: =IFERROR((G38/H38)*60, "") | P38: =IF(ISBLANK(E38), "", TRANSPOSE(INDIRECT(E38)))
A39: =WEEKNUM(D39,2) -> 23 | B39: =IF(OR(WEEKDAY(D39)=1, WEEKDAY(D39)=7), TEXT(D39, "dddd"), IF(COUNTIF(Reference!$A$13:$A$27, D39) > 0, "Holiday", TEXT(D39, "dddd"))) -> Sunday | C39: =TEXT(D39,"dddd") -> Sunday | D39: 46180 | I39: =IFERROR((G39/H39)*60, "") | P39: =IF(ISBLANK(E39), "", TRANSPOSE(INDIRECT(E39)))
A40: =WEEKNUM(D40,2) -> 24 | B40: =IF(OR(WEEKDAY(D40)=1, WEEKDAY(D40)=7), TEXT(D40, "dddd"), IF(COUNTIF(Reference!$A$13:$A$27, D40) > 0, "Holiday", TEXT(D40, "dddd"))) -> Monday | C40: =TEXT(D40,"dddd") -> Monday | D40: 46181 | E40: Manual_TPfC | F40: TPfC Phase 3 | G40: 8 | H40: 10 | I40: =IFERROR((G40/H40)*60, "") -> 48 | P40: =IF(ISBLANK(E40), "", TRANSPOSE(INDIRECT(E40))) -> TPfC Phase 3 | Q40: TPfC Phase 4
A41: =WEEKNUM(D41,2) -> 24 | B41: =IF(OR(WEEKDAY(D41)=1, WEEKDAY(D41)=7), TEXT(D41, "dddd"), IF(COUNTIF(Reference!$A$13:$A$27, D41) > 0, "Holiday", TEXT(D41, "dddd"))) -> Tuesday | C41: =TEXT(D41,"dddd") -> Tuesday | D41: 46182 | E41: Manual_TPfC | F41: TPfC Phase 3 | G41: 8 | H41: 10 | I41: =IFERROR((G41/H41)*60, "") -> 48 | P41: =IF(ISBLANK(E41), "", TRANSPOSE(INDIRECT(E41))) -> TPfC Phase 3 | Q41: TPfC Phase 4
A42: =WEEKNUM(D42,2) -> 24 | B42: =IF(OR(WEEKDAY(D42)=1, WEEKDAY(D42)=7), TEXT(D42, "dddd"), IF(COUNTIF(Reference!$A$13:$A$27, D42) > 0, "Holiday", TEXT(D42, "dddd"))) -> Wednesday | C42: =TEXT(D42,"dddd") -> Wednesday | D42: 46183 | I42: =IFERROR((G42/H42)*60, "") | P42: =IF(ISBLANK(E42), "", TRANSPOSE(INDIRECT(E42)))
A43: =WEEKNUM(D43,2) -> 24 | B43: =IF(OR(WEEKDAY(D43)=1, WEEKDAY(D43)=7), TEXT(D43, "dddd"), IF(COUNTIF(Reference!$A$13:$A$27, D43) > 0, "Holiday", TEXT(D43, "dddd"))) -> Thursday | C43: =TEXT(D43,"dddd") -> Thursday | D43: 46184 | E43: Manual_TPfC | F43: TPfC Phase 3 | G43: 4 | H43: 7 | I43: =IFERROR((G43/H43)*60, "") -> 34.285714 | P43: =IF(ISBLANK(E43), "", TRANSPOSE(INDIRECT(E43))) -> TPfC Phase 3 | Q43: TPfC Phase 4
A44: =WEEKNUM(D44,2) -> 24 | B44: =IF(OR(WEEKDAY(D44)=1, WEEKDAY(D44)=7), TEXT(D44, "dddd"), IF(COUNTIF(Reference!$A$13:$A$27, D44) > 0, "Holiday", TEXT(D44, "dddd"))) -> Friday | C44: =TEXT(D44,"dddd") -> Friday | D44: 46185 | I44: =IFERROR((G44/H44)*60, "") | P44: =IF(ISBLANK(E44), "", TRANSPOSE(INDIRECT(E44)))
A45: =WEEKNUM(D45,2) -> 24 | B45: =IF(OR(WEEKDAY(D45)=1, WEEKDAY(D45)=7), TEXT(D45, "dddd"), IF(COUNTIF(Reference!$A$13:$A$27, D45) > 0, "Holiday", TEXT(D45, "dddd"))) -> Saturday | C45: =TEXT(D45,"dddd") -> Saturday | D45: 46186 | I45: =IFERROR((G45/H45)*60, "") | P45: =IF(ISBLANK(E45), "", TRANSPOSE(INDIRECT(E45)))
A46: =WEEKNUM(D46,2) -> 24 | B46: =IF(OR(WEEKDAY(D46)=1, WEEKDAY(D46)=7), TEXT(D46, "dddd"), IF(COUNTIF(Reference!$A$13:$A$27, D46) > 0, "Holiday", TEXT(D46, "dddd"))) -> Sunday | C46: =TEXT(D46,"dddd") -> Sunday | D46: 46187 | I46: =IFERROR((G46/H46)*60, "") | P46: =IF(ISBLANK(E46), "", TRANSPOSE(INDIRECT(E46)))
A47: =WEEKNUM(D47,2) -> 25 | B47: =IF(OR(WEEKDAY(D47)=1, WEEKDAY(D47)=7), TEXT(D47, "dddd"), IF(COUNTIF(Reference!$A$13:$A$27, D47) > 0, "Holiday", TEXT(D47, "dddd"))) -> Monday | C47: =TEXT(D47,"dddd") -> Monday | D47: 46188 | E47: Manual_TPfC | F47: TPfC Phase 3 | G47: 4 | H47: 6 | I47: =IFERROR((G47/H47)*60, "") -> 40 | P47: =IF(ISBLANK(E47), "", TRANSPOSE(INDIRECT(E47))) -> TPfC Phase 3 | Q47: TPfC Phase 4
A48: =WEEKNUM(D48,2) -> 25 | B48: =IF(OR(WEEKDAY(D48)=1, WEEKDAY(D48)=7), TEXT(D48, "dddd"), IF(COUNTIF(Reference!$A$13:$A$27, D48) > 0, "Holiday", TEXT(D48, "dddd"))) -> Tuesday | C48: =TEXT(D48,"dddd") -> Tuesday | D48: 46189 | E48: Manual_TPfC | F48: TPfC Phase 3 | G48: 4 | H48: 4 | I48: =IFERROR((G48/H48)*60, "") -> 60 | P48: =IF(ISBLANK(E48), "", TRANSPOSE(INDIRECT(E48))) -> TPfC Phase 3 | Q48: TPfC Phase 4
A49: =WEEKNUM(D49,2) -> 25 | B49: =IF(OR(WEEKDAY(D49)=1, WEEKDAY(D49)=7), TEXT(D49, "dddd"), IF(COUNTIF(Reference!$A$13:$A$27, D49) > 0, "Holiday", TEXT(D49, "dddd"))) -> Wednesday | C49: =TEXT(D49,"dddd") -> Wednesday | D49: 46190 | E49: Topology_Coding | F49: Switzerland | G49: 4 | H49: 20 | I49: =IFERROR((G49/H49)*60, "") -> 12 | P49: =IF(ISBLANK(E49), "", TRANSPOSE(INDIRECT(E49))) -> Netherlands | Q49: Norway | R49: Switzerland | S49: UK
A50: =WEEKNUM(D50,2) -> 25 | B50: =IF(OR(WEEKDAY(D50)=1, WEEKDAY(D50)=7), TEXT(D50, "dddd"), IF(COUNTIF(Reference!$A$13:$A$27, D50) > 0, "Holiday", TEXT(D50, "dddd"))) -> Thursday | C50: =TEXT(D50,"dddd") -> Thursday | D50: 46191 | E50: Topology_Coding | F50: Switzerland | G50: 8 | H50: 35 | I50: =IFERROR((G50/H50)*60, "") -> 13.714286 | P50: =IF(ISBLANK(E50), "", TRANSPOSE(INDIRECT(E50))) -> Netherlands | Q50: Norway | R50: Switzerland | S50: UK
A51: =WEEKNUM(D51,2) -> 25 | B51: =IF(OR(WEEKDAY(D51)=1, WEEKDAY(D51)=7), TEXT(D51, "dddd"), IF(COUNTIF(Reference!$A$13:$A$27, D51) > 0, "Holiday", TEXT(D51, "dddd"))) -> Friday | C51: =TEXT(D51,"dddd") -> Friday | D51: 46192 | I51: =IFERROR((G51/H51)*60, "") | P51: =IF(ISBLANK(E51), "", TRANSPOSE(INDIRECT(E51)))
A52: =WEEKNUM(D52,2) -> 25 | B52: =IF(OR(WEEKDAY(D52)=1, WEEKDAY(D52)=7), TEXT(D52, "dddd"), IF(COUNTIF(Reference!$A$13:$A$27, D52) > 0, "Holiday", TEXT(D52, "dddd"))) -> Saturday | C52: =TEXT(D52,"dddd") -> Saturday | D52: 46193 | I52: =IFERROR((G52/H52)*60, "") | P52: =IF(ISBLANK(E52), "", TRANSPOSE(INDIRECT(E52)))
A53: =WEEKNUM(D53,2) -> 25 | B53: =IF(OR(WEEKDAY(D53)=1, WEEKDAY(D53)=7), TEXT(D53, "dddd"), IF(COUNTIF(Reference!$A$13:$A$27, D53) > 0, "Holiday", TEXT(D53, "dddd"))) -> Sunday | C53: =TEXT(D53,"dddd") -> Sunday | D53: 46194 | I53: =IFERROR((G53/H53)*60, "") | P53: =IF(ISBLANK(E53), "", TRANSPOSE(INDIRECT(E53)))
A54: =WEEKNUM(D54,2) -> 26 | B54: =IF(OR(WEEKDAY(D54)=1, WEEKDAY(D54)=7), TEXT(D54, "dddd"), IF(COUNTIF(Reference!$A$13:$A$27, D54) > 0, "Holiday", TEXT(D54, "dddd"))) -> Monday | C54: =TEXT(D54,"dddd") -> Monday | D54: 46195 | E54: Topology_Coding | F54: Switzerland | G54: 4 | H54: 16 | I54: =IFERROR((G54/H54)*60, "") -> 15 | P54: =IF(ISBLANK(E54), "", TRANSPOSE(INDIRECT(E54))) -> Netherlands | Q54: Norway | R54: Switzerland | S54: UK
A55: =WEEKNUM(D55,2) -> 26 | B55: =IF(OR(WEEKDAY(D55)=1, WEEKDAY(D55)=7), TEXT(D55, "dddd"), IF(COUNTIF(Reference!$A$13:$A$27, D55) > 0, "Holiday", TEXT(D55, "dddd"))) -> Tuesday | C55: =TEXT(D55,"dddd") -> Tuesday | D55: 46196 | E55: Manual_TPfC | F55: TPfC Phase 4 | G55: 6 | H55: 8 | I55: =IFERROR((G55/H55)*60, "") -> 45 | P55: =IF(ISBLANK(E55), "", TRANSPOSE(INDIRECT(E55))) -> TPfC Phase 3 | Q55: TPfC Phase 4
A56: =WEEKNUM(D56,2) -> 26 | B56: =IF(OR(WEEKDAY(D56)=1, WEEKDAY(D56)=7), TEXT(D56, "dddd"), IF(COUNTIF(Reference!$A$13:$A$27, D56) > 0, "Holiday", TEXT(D56, "dddd"))) -> Wednesday | C56: =TEXT(D56,"dddd") -> Wednesday | D56: 46197 | E56: Manual_TPfC | F56: TPfC Phase 4 | G56: 8 | H56: 11 | I56: =IFERROR((G56/H56)*60, "") -> 43.636364 | P56: =IF(ISBLANK(E56), "", TRANSPOSE(INDIRECT(E56))) -> TPfC Phase 3 | Q56: TPfC Phase 4
A57: =WEEKNUM(D57,2) -> 26 | B57: =IF(OR(WEEKDAY(D57)=1, WEEKDAY(D57)=7), TEXT(D57, "dddd"), IF(COUNTIF(Reference!$A$13:$A$27, D57) > 0, "Holiday", TEXT(D57, "dddd"))) -> Thursday | C57: =TEXT(D57,"dddd") -> Thursday | D57: 46198 | E57: Manual_TPfC | F57: TPfC Phase 4 | G57: 2 | H57: 4 | I57: =IFERROR((G57/H57)*60, "") -> 30 | P57: =IF(ISBLANK(E57), "", TRANSPOSE(INDIRECT(E57))) -> TPfC Phase 3 | Q57: TPfC Phase 4
A58: =WEEKNUM(D58,2) -> 26 | B58: =IF(OR(WEEKDAY(D58)=1, WEEKDAY(D58)=7), TEXT(D58, "dddd"), IF(COUNTIF(Reference!$A$13:$A$27, D58) > 0, "Holiday", TEXT(D58, "dddd"))) -> Friday | C58: =TEXT(D58,"dddd") -> Friday | D58: 46199 | I58: =IFERROR((G58/H58)*60, "") | P58: =IF(ISBLANK(E58), "", TRANSPOSE(INDIRECT(E58)))
A59: =WEEKNUM(D59,2) -> 26 | B59: =IF(OR(WEEKDAY(D59)=1, WEEKDAY(D59)=7), TEXT(D59, "dddd"), IF(COUNTIF(Reference!$A$13:$A$27, D59) > 0, "Holiday", TEXT(D59, "dddd"))) -> Saturday | C59: =TEXT(D59,"dddd") -> Saturday | D59: 46200 | I59: =IFERROR((G59/H59)*60, "") | P59: =IF(ISBLANK(E59), "", TRANSPOSE(INDIRECT(E59)))
A60: =WEEKNUM(D60,2) -> 26 | B60: =IF(OR(WEEKDAY(D60)=1, WEEKDAY(D60)=7), TEXT(D60, "dddd"), IF(COUNTIF(Reference!$A$13:$A$27, D60) > 0, "Holiday", TEXT(D60, "dddd"))) -> Sunday | C60: =TEXT(D60,"dddd") -> Sunday | D60: 46201 | I60: =IFERROR((G60/H60)*60, "") | P60: =IF(ISBLANK(E60), "", TRANSPOSE(INDIRECT(E60)))
A61: =WEEKNUM(D61,2) -> 27 | B61: =IF(OR(WEEKDAY(D61)=1, WEEKDAY(D61)=7), TEXT(D61, "dddd"), IF(COUNTIF(Reference!$A$13:$A$27, D61) > 0, "Holiday", TEXT(D61, "dddd"))) -> Monday | C61: =TEXT(D61,"dddd") -> Monday | D61: 46202 | I61: =IFERROR((G61/H61)*60, "") | P61: =IF(ISBLANK(E61), "", TRANSPOSE(INDIRECT(E61)))
A62: =WEEKNUM(D62,2) -> 27 | B62: =IF(OR(WEEKDAY(D62)=1, WEEKDAY(D62)=7), TEXT(D62, "dddd"), IF(COUNTIF(Reference!$A$13:$A$27, D62) > 0, "Holiday", TEXT(D62, "dddd"))) -> Tuesday | C62: =TEXT(D62,"dddd") -> Tuesday | D62: 46203 | I62: =IFERROR((G62/H62)*60, "") | P62: =IF(ISBLANK(E62), "", TRANSPOSE(INDIRECT(E62)))
A63: =WEEKNUM(D63,2) -> 27 | B63: =IF(OR(WEEKDAY(D63)=1, WEEKDAY(D63)=7), TEXT(D63, "dddd"), IF(COUNTIF(Reference!$A$13:$A$27, D63) > 0, "Holiday", TEXT(D63, "dddd"))) -> Wednesday | C63: =TEXT(D63,"dddd") -> Wednesday | D63: 46204 | I63: =IFERROR((G63/H63)*60, "") | P63: =IF(ISBLANK(E63), "", TRANSPOSE(INDIRECT(E63)))
A64: =WEEKNUM(D64,2) -> 27 | B64: =IF(OR(WEEKDAY(D64)=1, WEEKDAY(D64)=7), TEXT(D64, "dddd"), IF(COUNTIF(Reference!$A$13:$A$27, D64) > 0, "Holiday", TEXT(D64, "dddd"))) -> Thursday | C64: =TEXT(D64,"dddd") -> Thursday | D64: 46205 | I64: =IFERROR((G64/H64)*60, "") | P64: =IF(ISBLANK(E64), "", TRANSPOSE(INDIRECT(E64)))
A65: =WEEKNUM(D65,2) -> 27 | B65: =IF(OR(WEEKDAY(D65)=1, WEEKDAY(D65)=7), TEXT(D65, "dddd"), IF(COUNTIF(Reference!$A$13:$A$27, D65) > 0, "Holiday", TEXT(D65, "dddd"))) -> Friday | C65: =TEXT(D65,"dddd") -> Friday | D65: 46206 | I65: =IFERROR((G65/H65)*60, "") | P65: =IF(ISBLANK(E65), "", TRANSPOSE(INDIRECT(E65)))
A66: =WEEKNUM(D66,2) -> 27 | B66: =IF(OR(WEEKDAY(D66)=1, WEEKDAY(D66)=7), TEXT(D66, "dddd"), IF(COUNTIF(Reference!$A$13:$A$27, D66) > 0, "Holiday", TEXT(D66, "dddd"))) -> Saturday | C66: =TEXT(D66,"dddd") -> Saturday | D66: 46207 | I66: =IFERROR((G66/H66)*60, "") | P66: =IF(ISBLANK(E66), "", TRANSPOSE(INDIRECT(E66)))
A67: =WEEKNUM(D67,2) -> 27 | B67: =IF(OR(WEEKDAY(D67)=1, WEEKDAY(D67)=7), TEXT(D67, "dddd"), IF(COUNTIF(Reference!$A$13:$A$27, D67) > 0, "Holiday", TEXT(D67, "dddd"))) -> Sunday | C67: =TEXT(D67,"dddd") -> Sunday | D67: 46208 | I67: =IFERROR((G67/H67)*60, "") | P67: =IF(ISBLANK(E67), "", TRANSPOSE(INDIRECT(E67)))
A68: =WEEKNUM(D68,2) -> 28 | B68: =IF(OR(WEEKDAY(D68)=1, WEEKDAY(D68)=7), TEXT(D68, "dddd"), IF(COUNTIF(Reference!$A$13:$A$27, D68) > 0, "Holiday", TEXT(D68, "dddd"))) -> Monday | C68: =TEXT(D68,"dddd") -> Monday | D68: 46209 | I68: =IFERROR((G68/H68)*60, "") | P68: =IF(ISBLANK(E68), "", TRANSPOSE(INDIRECT(E68)))
A69: =WEEKNUM(D69,2) -> 28 | B69: =IF(OR(WEEKDAY(D69)=1, WEEKDAY(D69)=7), TEXT(D69, "dddd"), IF(COUNTIF(Reference!$A$13:$A$27, D69) > 0, "Holiday", TEXT(D69, "dddd"))) -> Tuesday | C69: =TEXT(D69,"dddd") -> Tuesday | D69: 46210 | I69: =IFERROR((G69/H69)*60, "") | P69: =IF(ISBLANK(E69), "", TRANSPOSE(INDIRECT(E69)))
... A246: =WEEKNUM(D246,2) -> 53 | B246: =IF(OR(WEEKDAY(D246)=1, WEEKDAY(D246)=7), TEXT(D246, "dddd"), IF(COUNTIF(Reference!$A$13:$A$27, D246) > 0, "Holiday", TEXT(D246, "dddd"))) -> Holiday | C246: =TEXT(D246,"dddd") -> Thursday | D246: 46387 | I246: =IFERROR((G246/H246)*60, "") | P246: =IF(ISBLANK(E246), "", TRANSPOSE(INDIRECT(E246)))

Sheet Javeria
A1: KW | B1: Holiday OR Weekend | C1: Day | D1: Date | E1: Project | F1: Task | G1: Duration (Hrs) | H1: # of Signals | I1: Time per Signal (mins) | J1: Notes
A2: =WEEKNUM(D2,2) -> 18 | B2: =IF(OR(WEEKDAY(D2)=1, WEEKDAY(D2)=7), TEXT(D2, "dddd"), IF(COUNTIF(Reference!$A$13:$A$27, D2) > 0, "Holiday", TEXT(D2, "dddd"))) -> Holiday | C2: =TEXT(D2,"dddd") -> Friday | D2: 46143 | O2: =IF(ISBLANK(E2), "", TRANSPOSE(INDIRECT(E2)))
A3: =WEEKNUM(D3,2) -> 18 | B3: =IF(OR(WEEKDAY(D3)=1, WEEKDAY(D3)=7), TEXT(D3, "dddd"), IF(COUNTIF(Reference!$A$13:$A$27, D3) > 0, "Holiday", TEXT(D3, "dddd"))) -> Saturday | C3: =TEXT(D3,"dddd") -> Saturday | D3: 46144 | I3: =IFERROR((G3/H3)*60, "") | O3: =IF(ISBLANK(E3), "", TRANSPOSE(INDIRECT(E3)))
A4: =WEEKNUM(D4,2) -> 18 | B4: =IF(OR(WEEKDAY(D4)=1, WEEKDAY(D4)=7), TEXT(D4, "dddd"), IF(COUNTIF(Reference!$A$13:$A$27, D4) > 0, "Holiday", TEXT(D4, "dddd"))) -> Sunday | C4: =TEXT(D4,"dddd") -> Sunday | D4: 46145 | I4: =IFERROR((G4/H4)*60, "") | O4: =IF(ISBLANK(E4), "", TRANSPOSE(INDIRECT(E4)))
A5: =WEEKNUM(D5,2) -> 19 | B5: =IF(OR(WEEKDAY(D5)=1, WEEKDAY(D5)=7), TEXT(D5, "dddd"), IF(COUNTIF(Reference!$A$13:$A$27, D5) > 0, "Holiday", TEXT(D5, "dddd"))) -> Monday | C5: =TEXT(D5,"dddd") -> Monday | D5: 46146 | I5: =IFERROR((G5/H5)*60, "") | O5: =IF(ISBLANK(E5), "", TRANSPOSE(INDIRECT(E5)))
A6: =WEEKNUM(D6,2) -> 19 | B6: =IF(OR(WEEKDAY(D6)=1, WEEKDAY(D6)=7), TEXT(D6, "dddd"), IF(COUNTIF(Reference!$A$13:$A$27, D6) > 0, "Holiday", TEXT(D6, "dddd"))) -> Tuesday | C6: =TEXT(D6,"dddd") -> Tuesday | D6: 46147 | E6: Manual_TPfC | F6: TPfC Phase 3 | G6: 7.5 | H6: 12 | I6: =IFERROR((G6/H6)*60, "") -> 37.5 | O6: =IF(ISBLANK(E6), "", TRANSPOSE(INDIRECT(E6))) -> TPfC Phase 3 | P6: TPfC Phase 4
A7: =WEEKNUM(D7,2) -> 19 | B7: =IF(OR(WEEKDAY(D7)=1, WEEKDAY(D7)=7), TEXT(D7, "dddd"), IF(COUNTIF(Reference!$A$13:$A$27, D7) > 0, "Holiday", TEXT(D7, "dddd"))) -> Wednesday | C7: =TEXT(D7,"dddd") -> Wednesday | D7: 46148 | E7: Manual_TPfC | F7: TPfC Phase 3 | G7: 6.5 | H7: 10 | I7: =IFERROR((G7/H7)*60, "") -> 39 | O7: =IF(ISBLANK(E7), "", TRANSPOSE(INDIRECT(E7))) -> TPfC Phase 3 | P7: TPfC Phase 4
A8: =WEEKNUM(D8,2) -> 19 | B8: =IF(OR(WEEKDAY(D8)=1, WEEKDAY(D8)=7), TEXT(D8, "dddd"), IF(COUNTIF(Reference!$A$13:$A$27, D8) > 0, "Holiday", TEXT(D8, "dddd"))) -> Thursday | C8: =TEXT(D8,"dddd") -> Thursday | D8: 46149 | E8: Manual_TPfC | F8: TPfC Phase 3 | G8: 6 | H8: 10 | I8: =IFERROR((G8/H8)*60, "") -> 36 | O8: =IF(ISBLANK(E8), "", TRANSPOSE(INDIRECT(E8))) -> TPfC Phase 3 | P8: TPfC Phase 4
A9: =WEEKNUM(D9,2) -> 19 | B9: =IF(OR(WEEKDAY(D9)=1, WEEKDAY(D9)=7), TEXT(D9, "dddd"), IF(COUNTIF(Reference!$A$13:$A$27, D9) > 0, "Holiday", TEXT(D9, "dddd"))) -> Friday | C9: =TEXT(D9,"dddd") -> Friday | D9: 46150 | I9: =IFERROR((G9/H9)*60, "") | O9: =IF(ISBLANK(E9), "", TRANSPOSE(INDIRECT(E9)))
A10: =WEEKNUM(D10,2) -> 19 | B10: =IF(OR(WEEKDAY(D10)=1, WEEKDAY(D10)=7), TEXT(D10, "dddd"), IF(COUNTIF(Reference!$A$13:$A$27, D10) > 0, "Holiday", TEXT(D10, "dddd"))) -> Saturday | C10: =TEXT(D10,"dddd") -> Saturday | D10: 46151 | I10: =IFERROR((G10/H10)*60, "") | O10: =IF(ISBLANK(E10), "", TRANSPOSE(INDIRECT(E10)))
A11: =WEEKNUM(D11,2) -> 19 | B11: =IF(OR(WEEKDAY(D11)=1, WEEKDAY(D11)=7), TEXT(D11, "dddd"), IF(COUNTIF(Reference!$A$13:$A$27, D11) > 0, "Holiday", TEXT(D11, "dddd"))) -> Sunday | C11: =TEXT(D11,"dddd") -> Sunday | D11: 46152 | I11: =IFERROR((G11/H11)*60, "") | O11: =IF(ISBLANK(E11), "", TRANSPOSE(INDIRECT(E11)))
A12: =WEEKNUM(D12,2) -> 20 | B12: =IF(OR(WEEKDAY(D12)=1, WEEKDAY(D12)=7), TEXT(D12, "dddd"), IF(COUNTIF(Reference!$A$13:$A$27, D12) > 0, "Holiday", TEXT(D12, "dddd"))) -> Monday | C12: =TEXT(D12,"dddd") -> Monday | D12: 46153 | I12: =IFERROR((G12/H12)*60, "") | O12: =IF(ISBLANK(E12), "", TRANSPOSE(INDIRECT(E12)))
A13: =WEEKNUM(D13,2) -> 20 | B13: =IF(OR(WEEKDAY(D13)=1, WEEKDAY(D13)=7), TEXT(D13, "dddd"), IF(COUNTIF(Reference!$A$13:$A$27, D13) > 0, "Holiday", TEXT(D13, "dddd"))) -> Tuesday | C13: =TEXT(D13,"dddd") -> Tuesday | D13: 46154 | I13: =IFERROR((G13/H13)*60, "") | O13: =IF(ISBLANK(E13), "", TRANSPOSE(INDIRECT(E13)))
A14: =WEEKNUM(D14,2) -> 20 | B14: =IF(OR(WEEKDAY(D14)=1, WEEKDAY(D14)=7), TEXT(D14, "dddd"), IF(COUNTIF(Reference!$A$13:$A$27, D14) > 0, "Holiday", TEXT(D14, "dddd"))) -> Wednesday | C14: =TEXT(D14,"dddd") -> Wednesday | D14: 46155 | I14: =IFERROR((G14/H14)*60, "") | O14: =IF(ISBLANK(E14), "", TRANSPOSE(INDIRECT(E14)))
A15: =WEEKNUM(D15,2) -> 20 | B15: =IF(OR(WEEKDAY(D15)=1, WEEKDAY(D15)=7), TEXT(D15, "dddd"), IF(COUNTIF(Reference!$A$13:$A$27, D15) > 0, "Holiday", TEXT(D15, "dddd"))) -> Holiday | C15: =TEXT(D15,"dddd") -> Thursday | D15: 46156 | I15: =IFERROR((G15/H15)*60, "") | O15: =IF(ISBLANK(E15), "", TRANSPOSE(INDIRECT(E15)))
A16: =WEEKNUM(D16,2) -> 20 | B16: =IF(OR(WEEKDAY(D16)=1, WEEKDAY(D16)=7), TEXT(D16, "dddd"), IF(COUNTIF(Reference!$A$13:$A$27, D16) > 0, "Holiday", TEXT(D16, "dddd"))) -> Friday | C16: =TEXT(D16,"dddd") -> Friday | D16: 46157 | I16: =IFERROR((G16/H16)*60, "") | O16: =IF(ISBLANK(E16), "", TRANSPOSE(INDIRECT(E16)))
A17: =WEEKNUM(D17,2) -> 20 | B17: =IF(OR(WEEKDAY(D17)=1, WEEKDAY(D17)=7), TEXT(D17, "dddd"), IF(COUNTIF(Reference!$A$13:$A$27, D17) > 0, "Holiday", TEXT(D17, "dddd"))) -> Saturday | C17: =TEXT(D17,"dddd") -> Saturday | D17: 46158 | I17: =IFERROR((G17/H17)*60, "") | O17: =IF(ISBLANK(E17), "", TRANSPOSE(INDIRECT(E17)))
A18: =WEEKNUM(D18,2) -> 20 | B18: =IF(OR(WEEKDAY(D18)=1, WEEKDAY(D18)=7), TEXT(D18, "dddd"), IF(COUNTIF(Reference!$A$13:$A$27, D18) > 0, "Holiday", TEXT(D18, "dddd"))) -> Sunday | C18: =TEXT(D18,"dddd") -> Sunday | D18: 46159 | I18: =IFERROR((G18/H18)*60, "") | O18: =IF(ISBLANK(E18), "", TRANSPOSE(INDIRECT(E18)))
A19: =WEEKNUM(D19,2) -> 21 | B19: =IF(OR(WEEKDAY(D19)=1, WEEKDAY(D19)=7), TEXT(D19, "dddd"), IF(COUNTIF(Reference!$A$13:$A$27, D19) > 0, "Holiday", TEXT(D19, "dddd"))) -> Monday | C19: =TEXT(D19,"dddd") -> Monday | D19: 46160 | I19: =IFERROR((G19/H19)*60, "") | O19: =IF(ISBLANK(E19), "", TRANSPOSE(INDIRECT(E19)))
A20: =WEEKNUM(D20,2) -> 21 | B20: =IF(OR(WEEKDAY(D20)=1, WEEKDAY(D20)=7), TEXT(D20, "dddd"), IF(COUNTIF(Reference!$A$13:$A$27, D20) > 0, "Holiday", TEXT(D20, "dddd"))) -> Tuesday | C20: =TEXT(D20,"dddd") -> Tuesday | D20: 46161 | I20: =IFERROR((G20/H20)*60, "") | O20: =IF(ISBLANK(E20), "", TRANSPOSE(INDIRECT(E20)))
A21: =WEEKNUM(D21,2) -> 21 | B21: =IF(OR(WEEKDAY(D21)=1, WEEKDAY(D21)=7), TEXT(D21, "dddd"), IF(COUNTIF(Reference!$A$13:$A$27, D21) > 0, "Holiday", TEXT(D21, "dddd"))) -> Wednesday | C21: =TEXT(D21,"dddd") -> Wednesday | D21: 46162 | E21: Manual_TPfC | F21: TPfC Phase 3 | G21: 7.5 | H21: 20 | I21: =IFERROR((G21/H21)*60, "") -> 22.5 | O21: =IF(ISBLANK(E21), "", TRANSPOSE(INDIRECT(E21))) -> TPfC Phase 3 | P21: TPfC Phase 4
A22: =WEEKNUM(D22,2) -> 21 | B22: =IF(OR(WEEKDAY(D22)=1, WEEKDAY(D22)=7), TEXT(D22, "dddd"), IF(COUNTIF(Reference!$A$13:$A$27, D22) > 0, "Holiday", TEXT(D22, "dddd"))) -> Thursday | C22: =TEXT(D22,"dddd") -> Thursday | D22: 46163 | E22: Manual_TPfC | F22: TPfC Phase 3 | G22: 4.5 | H22: 10 | I22: =IFERROR((G22/H22)*60, "") -> 27 | O22: =IF(ISBLANK(E22), "", TRANSPOSE(INDIRECT(E22))) -> TPfC Phase 3 | P22: TPfC Phase 4
A23: =WEEKNUM(D23,2) -> 21 | B23: =IF(OR(WEEKDAY(D23)=1, WEEKDAY(D23)=7), TEXT(D23, "dddd"), IF(COUNTIF(Reference!$A$13:$A$27, D23) > 0, "Holiday", TEXT(D23, "dddd"))) -> Friday | C23: =TEXT(D23,"dddd") -> Friday | D23: 46164 | E23: Manual_TPfC | F23: TPfC Phase 3 | G23: 8 | H23: 10 | I23: =IFERROR((G23/H23)*60, "") -> 48 | O23: =IF(ISBLANK(E23), "", TRANSPOSE(INDIRECT(E23))) -> TPfC Phase 3 | P23: TPfC Phase 4
A24: =WEEKNUM(D24,2) -> 21 | B24: =IF(OR(WEEKDAY(D24)=1, WEEKDAY(D24)=7), TEXT(D24, "dddd"), IF(COUNTIF(Reference!$A$13:$A$27, D24) > 0, "Holiday", TEXT(D24, "dddd"))) -> Saturday | C24: =TEXT(D24,"dddd") -> Saturday | D24: 46165 | I24: =IFERROR((G24/H24)*60, "") | O24: =IF(ISBLANK(E24), "", TRANSPOSE(INDIRECT(E24)))
A25: =WEEKNUM(D25,2) -> 21 | B25: =IF(OR(WEEKDAY(D25)=1, WEEKDAY(D25)=7), TEXT(D25, "dddd"), IF(COUNTIF(Reference!$A$13:$A$27, D25) > 0, "Holiday", TEXT(D25, "dddd"))) -> Sunday | C25: =TEXT(D25,"dddd") -> Sunday | D25: 46166 | I25: =IFERROR((G25/H25)*60, "") | O25: =IF(ISBLANK(E25), "", TRANSPOSE(INDIRECT(E25)))
A26: =WEEKNUM(D26,2) -> 22 | B26: =IF(OR(WEEKDAY(D26)=1, WEEKDAY(D26)=7), TEXT(D26, "dddd"), IF(COUNTIF(Reference!$A$13:$A$27, D26) > 0, "Holiday", TEXT(D26, "dddd"))) -> Holiday | C26: =TEXT(D26,"dddd") -> Monday | D26: 46167 | I26: =IFERROR((G26/H26)*60, "") | O26: =IF(ISBLANK(E26), "", TRANSPOSE(INDIRECT(E26)))
A27: =WEEKNUM(D27,2) -> 22 | B27: =IF(OR(WEEKDAY(D27)=1, WEEKDAY(D27)=7), TEXT(D27, "dddd"), IF(COUNTIF(Reference!$A$13:$A$27, D27) > 0, "Holiday", TEXT(D27, "dddd"))) -> Tuesday | C27: =TEXT(D27,"dddd") -> Tuesday | D27: 46168 | E27: Manual_TPfC | F27: TPfC Phase 3 | G27: 7.5 | H27: 14 | I27: =IFERROR((G27/H27)*60, "") -> 32.142857 | O27: =IF(ISBLANK(E27), "", TRANSPOSE(INDIRECT(E27))) -> TPfC Phase 3 | P27: TPfC Phase 4
A28: =WEEKNUM(D28,2) -> 22 | B28: =IF(OR(WEEKDAY(D28)=1, WEEKDAY(D28)=7), TEXT(D28, "dddd"), IF(COUNTIF(Reference!$A$13:$A$27, D28) > 0, "Holiday", TEXT(D28, "dddd"))) -> Wednesday | C28: =TEXT(D28,"dddd") -> Wednesday | D28: 46169 | E28: Manual_TPfC | F28: TPfC Phase 3 | G28: 7.5 | H28: 13 | I28: =IFERROR((G28/H28)*60, "") -> 34.615385 | O28: =IF(ISBLANK(E28), "", TRANSPOSE(INDIRECT(E28))) -> TPfC Phase 3 | P28: TPfC Phase 4
A29: =WEEKNUM(D29,2) -> 22 | B29: =IF(OR(WEEKDAY(D29)=1, WEEKDAY(D29)=7), TEXT(D29, "dddd"), IF(COUNTIF(Reference!$A$13:$A$27, D29) > 0, "Holiday", TEXT(D29, "dddd"))) -> Thursday | C29: =TEXT(D29,"dddd") -> Thursday | D29: 46170 | E29: Manual_TPfC | F29: TPfC Phase 3 | G29: 5 | H29: 10 | I29: =IFERROR((G29/H29)*60, "") -> 30 | O29: =IF(ISBLANK(E29), "", TRANSPOSE(INDIRECT(E29))) -> TPfC Phase 3 | P29: TPfC Phase 4
A30: =WEEKNUM(D30,2) -> 22 | B30: =IF(OR(WEEKDAY(D30)=1, WEEKDAY(D30)=7), TEXT(D30, "dddd"), IF(COUNTIF(Reference!$A$13:$A$27, D30) > 0, "Holiday", TEXT(D30, "dddd"))) -> Friday | C30: =TEXT(D30,"dddd") -> Friday | D30: 46171 | I30: =IFERROR((G30/H30)*60, "") | O30: =IF(ISBLANK(E30), "", TRANSPOSE(INDIRECT(E30)))
A31: =WEEKNUM(D31,2) -> 22 | B31: =IF(OR(WEEKDAY(D31)=1, WEEKDAY(D31)=7), TEXT(D31, "dddd"), IF(COUNTIF(Reference!$A$13:$A$27, D31) > 0, "Holiday", TEXT(D31, "dddd"))) -> Saturday | C31: =TEXT(D31,"dddd") -> Saturday | D31: 46172 | I31: =IFERROR((G31/H31)*60, "") | O31: =IF(ISBLANK(E31), "", TRANSPOSE(INDIRECT(E31)))
A32: =WEEKNUM(D32,2) -> 22 | B32: =IF(OR(WEEKDAY(D32)=1, WEEKDAY(D32)=7), TEXT(D32, "dddd"), IF(COUNTIF(Reference!$A$13:$A$27, D32) > 0, "Holiday", TEXT(D32, "dddd"))) -> Sunday | C32: =TEXT(D32,"dddd") -> Sunday | D32: 46173 | I32: =IFERROR((G32/H32)*60, "") | O32: =IF(ISBLANK(E32), "", TRANSPOSE(INDIRECT(E32)))
A33: =WEEKNUM(D33,2) -> 23 | B33: =IF(OR(WEEKDAY(D33)=1, WEEKDAY(D33)=7), TEXT(D33, "dddd"), IF(COUNTIF(Reference!$A$13:$A$27, D33) > 0, "Holiday", TEXT(D33, "dddd"))) -> Monday | C33: =TEXT(D33,"dddd") -> Monday | D33: 46174 | E33: Manual_TPfC | F33: TPfC Phase 3 | G33: 7.5 | H33: 15 | I33: =IFERROR((G33/H33)*60, "") -> 30 | O33: =IF(ISBLANK(E33), "", TRANSPOSE(INDIRECT(E33))) -> TPfC Phase 3 | P33: TPfC Phase 4
A34: =WEEKNUM(D34,2) -> 23 | B34: =IF(OR(WEEKDAY(D34)=1, WEEKDAY(D34)=7), TEXT(D34, "dddd"), IF(COUNTIF(Reference!$A$13:$A$27, D34) > 0, "Holiday", TEXT(D34, "dddd"))) -> Tuesday | C34: =TEXT(D34,"dddd") -> Tuesday | D34: 46175 | E34: Manual_TPfC | F34: TPfC Phase 3 | G34: 4 | H34: 8 | I34: =IFERROR((G34/H34)*60, "") -> 30 | O34: =IF(ISBLANK(E34), "", TRANSPOSE(INDIRECT(E34))) -> TPfC Phase 3 | P34: TPfC Phase 4
A35: =WEEKNUM(D35,2) -> 23 | B35: =IF(OR(WEEKDAY(D35)=1, WEEKDAY(D35)=7), TEXT(D35, "dddd"), IF(COUNTIF(Reference!$A$13:$A$27, D35) > 0, "Holiday", TEXT(D35, "dddd"))) -> Wednesday | C35: =TEXT(D35,"dddd") -> Wednesday | D35: 46176 | E35: Manual_TPfC | F35: TPfC Phase 3 | G35: 8.5 | H35: 17 | I35: =IFERROR((G35/H35)*60, "") -> 30 | O35: =IF(ISBLANK(E35), "", TRANSPOSE(INDIRECT(E35))) -> TPfC Phase 3 | P35: TPfC Phase 4
A36: =WEEKNUM(D36,2) -> 23 | B36: =IF(OR(WEEKDAY(D36)=1, WEEKDAY(D36)=7), TEXT(D36, "dddd"), IF(COUNTIF(Reference!$A$13:$A$27, D36) > 0, "Holiday", TEXT(D36, "dddd"))) -> Holiday | C36: =TEXT(D36,"dddd") -> Thursday | D36: 46177 | I36: =IFERROR((G36/H36)*60, "") | O36: =IF(ISBLANK(E36), "", TRANSPOSE(INDIRECT(E36)))
A37: =WEEKNUM(D37,2) -> 23 | B37: =IF(OR(WEEKDAY(D37)=1, WEEKDAY(D37)=7), TEXT(D37, "dddd"), IF(COUNTIF(Reference!$A$13:$A$27, D37) > 0, "Holiday", TEXT(D37, "dddd"))) -> Friday | C37: =TEXT(D37,"dddd") -> Friday | D37: 46178 | I37: =IFERROR((G37/H37)*60, "") | O37: =IF(ISBLANK(E37), "", TRANSPOSE(INDIRECT(E37)))
A38: =WEEKNUM(D38,2) -> 23 | B38: =IF(OR(WEEKDAY(D38)=1, WEEKDAY(D38)=7), TEXT(D38, "dddd"), IF(COUNTIF(Reference!$A$13:$A$27, D38) > 0, "Holiday", TEXT(D38, "dddd"))) -> Saturday | C38: =TEXT(D38,"dddd") -> Saturday | D38: 46179 | I38: =IFERROR((G38/H38)*60, "") | O38: =IF(ISBLANK(E38), "", TRANSPOSE(INDIRECT(E38)))
A39: =WEEKNUM(D39,2) -> 23 | B39: =IF(OR(WEEKDAY(D39)=1, WEEKDAY(D39)=7), TEXT(D39, "dddd"), IF(COUNTIF(Reference!$A$13:$A$27, D39) > 0, "Holiday", TEXT(D39, "dddd"))) -> Sunday | C39: =TEXT(D39,"dddd") -> Sunday | D39: 46180 | I39: =IFERROR((G39/H39)*60, "") | O39: =IF(ISBLANK(E39), "", TRANSPOSE(INDIRECT(E39)))
A40: =WEEKNUM(D40,2) -> 24 | B40: =IF(OR(WEEKDAY(D40)=1, WEEKDAY(D40)=7), TEXT(D40, "dddd"), IF(COUNTIF(Reference!$A$13:$A$27, D40) > 0, "Holiday", TEXT(D40, "dddd"))) -> Monday | C40: =TEXT(D40,"dddd") -> Monday | D40: 46181 | I40: =IFERROR((G40/H40)*60, "") | O40: =IF(ISBLANK(E40), "", TRANSPOSE(INDIRECT(E40)))
A41: =WEEKNUM(D41,2) -> 24 | B41: =IF(OR(WEEKDAY(D41)=1, WEEKDAY(D41)=7), TEXT(D41, "dddd"), IF(COUNTIF(Reference!$A$13:$A$27, D41) > 0, "Holiday", TEXT(D41, "dddd"))) -> Tuesday | C41: =TEXT(D41,"dddd") -> Tuesday | D41: 46182 | E41: Manual_TPfC | F41: TPfC Phase 3 | G41: 7.5 | H41: 18 | I41: =IFERROR((G41/H41)*60, "") -> 25 | O41: =IF(ISBLANK(E41), "", TRANSPOSE(INDIRECT(E41))) -> TPfC Phase 3 | P41: TPfC Phase 4
A42: =WEEKNUM(D42,2) -> 24 | B42: =IF(OR(WEEKDAY(D42)=1, WEEKDAY(D42)=7), TEXT(D42, "dddd"), IF(COUNTIF(Reference!$A$13:$A$27, D42) > 0, "Holiday", TEXT(D42, "dddd"))) -> Wednesday | C42: =TEXT(D42,"dddd") -> Wednesday | D42: 46183 | E42: Manual_TPfC | F42: TPfC Phase 3 | G42: 7.5 | H42: 20 | I42: =IFERROR((G42/H42)*60, "") -> 22.5 | O42: =IF(ISBLANK(E42), "", TRANSPOSE(INDIRECT(E42))) -> TPfC Phase 3 | P42: TPfC Phase 4
A43: =WEEKNUM(D43,2) -> 24 | B43: =IF(OR(WEEKDAY(D43)=1, WEEKDAY(D43)=7), TEXT(D43, "dddd"), IF(COUNTIF(Reference!$A$13:$A$27, D43) > 0, "Holiday", TEXT(D43, "dddd"))) -> Thursday | C43: =TEXT(D43,"dddd") -> Thursday | D43: 46184 | E43: Manual_TPfC | F43: TPfC Phase 3 | G43: 5 | H43: 11 | I43: =IFERROR((G43/H43)*60, "") -> 27.272727 | O43: =IF(ISBLANK(E43), "", TRANSPOSE(INDIRECT(E43))) -> TPfC Phase 3 | P43: TPfC Phase 4
A44: =WEEKNUM(D44,2) -> 24 | B44: =IF(OR(WEEKDAY(D44)=1, WEEKDAY(D44)=7), TEXT(D44, "dddd"), IF(COUNTIF(Reference!$A$13:$A$27, D44) > 0, "Holiday", TEXT(D44, "dddd"))) -> Friday | C44: =TEXT(D44,"dddd") -> Friday | D44: 46185 | I44: =IFERROR((G44/H44)*60, "") | O44: =IF(ISBLANK(E44), "", TRANSPOSE(INDIRECT(E44)))
A45: =WEEKNUM(D45,2) -> 24 | B45: =IF(OR(WEEKDAY(D45)=1, WEEKDAY(D45)=7), TEXT(D45, "dddd"), IF(COUNTIF(Reference!$A$13:$A$27, D45) > 0, "Holiday", TEXT(D45, "dddd"))) -> Saturday | C45: =TEXT(D45,"dddd") -> Saturday | D45: 46186 | I45: =IFERROR((G45/H45)*60, "") | O45: =IF(ISBLANK(E45), "", TRANSPOSE(INDIRECT(E45)))
A46: =WEEKNUM(D46,2) -> 24 | B46: =IF(OR(WEEKDAY(D46)=1, WEEKDAY(D46)=7), TEXT(D46, "dddd"), IF(COUNTIF(Reference!$A$13:$A$27, D46) > 0, "Holiday", TEXT(D46, "dddd"))) -> Sunday | C46: =TEXT(D46,"dddd") -> Sunday | D46: 46187 | I46: =IFERROR((G46/H46)*60, "") | O46: =IF(ISBLANK(E46), "", TRANSPOSE(INDIRECT(E46)))
A47: =WEEKNUM(D47,2) -> 25 | B47: =IF(OR(WEEKDAY(D47)=1, WEEKDAY(D47)=7), TEXT(D47, "dddd"), IF(COUNTIF(Reference!$A$13:$A$27, D47) > 0, "Holiday", TEXT(D47, "dddd"))) -> Monday | C47: =TEXT(D47,"dddd") -> Monday | D47: 46188 | I47: =IFERROR((G47/H47)*60, "") | O47: =IF(ISBLANK(E47), "", TRANSPOSE(INDIRECT(E47)))
A48: =WEEKNUM(D48,2) -> 25 | B48: =IF(OR(WEEKDAY(D48)=1, WEEKDAY(D48)=7), TEXT(D48, "dddd"), IF(COUNTIF(Reference!$A$13:$A$27, D48) > 0, "Holiday", TEXT(D48, "dddd"))) -> Tuesday | C48: =TEXT(D48,"dddd") -> Tuesday | D48: 46189 | E48: Manual_TPfC | F48: TPfC Phase 3 | G48: 8 | H48: 15 | I48: =IFERROR((G48/H48)*60, "") -> 32 | O48: =IF(ISBLANK(E48), "", TRANSPOSE(INDIRECT(E48))) -> TPfC Phase 3 | P48: TPfC Phase 4
A49: =WEEKNUM(D49,2) -> 25 | B49: =IF(OR(WEEKDAY(D49)=1, WEEKDAY(D49)=7), TEXT(D49, "dddd"), IF(COUNTIF(Reference!$A$13:$A$27, D49) > 0, "Holiday", TEXT(D49, "dddd"))) -> Wednesday | C49: =TEXT(D49,"dddd") -> Wednesday | D49: 46190 | E49: Topology_Coding | F49: Switzerland | G49: 4 | H49: 10 | I49: =IFERROR((G49/H49)*60, "") -> 24 | O49: =IF(ISBLANK(E49), "", TRANSPOSE(INDIRECT(E49))) -> Netherlands | P49: Norway | Q49: Switzerland | R49: UK
A50: =WEEKNUM(D50,2) -> 25 | B50: =IF(OR(WEEKDAY(D50)=1, WEEKDAY(D50)=7), TEXT(D50, "dddd"), IF(COUNTIF(Reference!$A$13:$A$27, D50) > 0, "Holiday", TEXT(D50, "dddd"))) -> Thursday | C50: =TEXT(D50,"dddd") -> Thursday | D50: 46191 | E50: Topology_Coding | F50: Switzerland | G50: 8 | H50: 20 | I50: =IFERROR((G50/H50)*60, "") -> 24 | O50: =IF(ISBLANK(E50), "", TRANSPOSE(INDIRECT(E50))) -> Netherlands | P50: Norway | Q50: Switzerland | R50: UK
A51: =WEEKNUM(D51,2) -> 25 | B51: =IF(OR(WEEKDAY(D51)=1, WEEKDAY(D51)=7), TEXT(D51, "dddd"), IF(COUNTIF(Reference!$A$13:$A$27, D51) > 0, "Holiday", TEXT(D51, "dddd"))) -> Friday | C51: =TEXT(D51,"dddd") -> Friday | D51: 46192 | I51: =IFERROR((G51/H51)*60, "") | O51: =IF(ISBLANK(E51), "", TRANSPOSE(INDIRECT(E51)))
A52: =WEEKNUM(D52,2) -> 25 | B52: =IF(OR(WEEKDAY(D52)=1, WEEKDAY(D52)=7), TEXT(D52, "dddd"), IF(COUNTIF(Reference!$A$13:$A$27, D52) > 0, "Holiday", TEXT(D52, "dddd"))) -> Saturday | C52: =TEXT(D52,"dddd") -> Saturday | D52: 46193 | I52: =IFERROR((G52/H52)*60, "") | O52: =IF(ISBLANK(E52), "", TRANSPOSE(INDIRECT(E52)))
A53: =WEEKNUM(D53,2) -> 25 | B53: =IF(OR(WEEKDAY(D53)=1, WEEKDAY(D53)=7), TEXT(D53, "dddd"), IF(COUNTIF(Reference!$A$13:$A$27, D53) > 0, "Holiday", TEXT(D53, "dddd"))) -> Sunday | C53: =TEXT(D53,"dddd") -> Sunday | D53: 46194 | I53: =IFERROR((G53/H53)*60, "") | O53: =IF(ISBLANK(E53), "", TRANSPOSE(INDIRECT(E53)))
A54: =WEEKNUM(D54,2) -> 26 | B54: =IF(OR(WEEKDAY(D54)=1, WEEKDAY(D54)=7), TEXT(D54, "dddd"), IF(COUNTIF(Reference!$A$13:$A$27, D54) > 0, "Holiday", TEXT(D54, "dddd"))) -> Monday | C54: =TEXT(D54,"dddd") -> Monday | D54: 46195 | I54: =IFERROR((G54/H54)*60, "") | O54: =IF(ISBLANK(E54), "", TRANSPOSE(INDIRECT(E54)))
A55: =WEEKNUM(D55,2) -> 26 | B55: =IF(OR(WEEKDAY(D55)=1, WEEKDAY(D55)=7), TEXT(D55, "dddd"), IF(COUNTIF(Reference!$A$13:$A$27, D55) > 0, "Holiday", TEXT(D55, "dddd"))) -> Tuesday | C55: =TEXT(D55,"dddd") -> Tuesday | D55: 46196 | E55: Topology_Coding | F55: Switzerland | G55: 7 | H55: 16 | I55: =IFERROR((G55/H55)*60, "") -> 26.25 | O55: =IF(ISBLANK(E55), "", TRANSPOSE(INDIRECT(E55))) -> Netherlands | P55: Norway | Q55: Switzerland | R55: UK
A56: =WEEKNUM(D56,2) -> 26 | B56: =IF(OR(WEEKDAY(D56)=1, WEEKDAY(D56)=7), TEXT(D56, "dddd"), IF(COUNTIF(Reference!$A$13:$A$27, D56) > 0, "Holiday", TEXT(D56, "dddd"))) -> Wednesday | C56: =TEXT(D56,"dddd") -> Wednesday | D56: 46197 | E56: Topology_Coding | F56: Switzerland | G56: 7 | H56: 14 | I56: =IFERROR((G56/H56)*60, "") -> 30 | O56: =IF(ISBLANK(E56), "", TRANSPOSE(INDIRECT(E56))) -> Netherlands | P56: Norway | Q56: Switzerland | R56: UK
A57: =WEEKNUM(D57,2) -> 26 | B57: =IF(OR(WEEKDAY(D57)=1, WEEKDAY(D57)=7), TEXT(D57, "dddd"), IF(COUNTIF(Reference!$A$13:$A$27, D57) > 0, "Holiday", TEXT(D57, "dddd"))) -> Thursday | C57: =TEXT(D57,"dddd") -> Thursday | D57: 46198 | I57: =IFERROR((G57/H57)*60, "") | O57: =IF(ISBLANK(E57), "", TRANSPOSE(INDIRECT(E57)))
A58: =WEEKNUM(D58,2) -> 26 | B58: =IF(OR(WEEKDAY(D58)=1, WEEKDAY(D58)=7), TEXT(D58, "dddd"), IF(COUNTIF(Reference!$A$13:$A$27, D58) > 0, "Holiday", TEXT(D58, "dddd"))) -> Friday | C58: =TEXT(D58,"dddd") -> Friday | D58: 46199 | I58: =IFERROR((G58/H58)*60, "") | O58: =IF(ISBLANK(E58), "", TRANSPOSE(INDIRECT(E58)))
A59: =WEEKNUM(D59,2) -> 26 | B59: =IF(OR(WEEKDAY(D59)=1, WEEKDAY(D59)=7), TEXT(D59, "dddd"), IF(COUNTIF(Reference!$A$13:$A$27, D59) > 0, "Holiday", TEXT(D59, "dddd"))) -> Saturday | C59: =TEXT(D59,"dddd") -> Saturday | D59: 46200 | I59: =IFERROR((G59/H59)*60, "") | O59: =IF(ISBLANK(E59), "", TRANSPOSE(INDIRECT(E59)))
A60: =WEEKNUM(D60,2) -> 26 | B60: =IF(OR(WEEKDAY(D60)=1, WEEKDAY(D60)=7), TEXT(D60, "dddd"), IF(COUNTIF(Reference!$A$13:$A$27, D60) > 0, "Holiday", TEXT(D60, "dddd"))) -> Sunday | C60: =TEXT(D60,"dddd") -> Sunday | D60: 46201 | I60: =IFERROR((G60/H60)*60, "") | O60: =IF(ISBLANK(E60), "", TRANSPOSE(INDIRECT(E60)))
A61: =WEEKNUM(D61,2) -> 27 | B61: =IF(OR(WEEKDAY(D61)=1, WEEKDAY(D61)=7), TEXT(D61, "dddd"), IF(COUNTIF(Reference!$A$13:$A$27, D61) > 0, "Holiday", TEXT(D61, "dddd"))) -> Monday | C61: =TEXT(D61,"dddd") -> Monday | D61: 46202 | I61: =IFERROR((G61/H61)*60, "") | O61: =IF(ISBLANK(E61), "", TRANSPOSE(INDIRECT(E61)))
A62: =WEEKNUM(D62,2) -> 27 | B62: =IF(OR(WEEKDAY(D62)=1, WEEKDAY(D62)=7), TEXT(D62, "dddd"), IF(COUNTIF(Reference!$A$13:$A$27, D62) > 0, "Holiday", TEXT(D62, "dddd"))) -> Tuesday | C62: =TEXT(D62,"dddd") -> Tuesday | D62: 46203 | I62: =IFERROR((G62/H62)*60, "") | O62: =IF(ISBLANK(E62), "", TRANSPOSE(INDIRECT(E62)))
A63: =WEEKNUM(D63,2) -> 27 | B63: =IF(OR(WEEKDAY(D63)=1, WEEKDAY(D63)=7), TEXT(D63, "dddd"), IF(COUNTIF(Reference!$A$13:$A$27, D63) > 0, "Holiday", TEXT(D63, "dddd"))) -> Wednesday | C63: =TEXT(D63,"dddd") -> Wednesday | D63: 46204 | I63: =IFERROR((G63/H63)*60, "") | O63: =IF(ISBLANK(E63), "", TRANSPOSE(INDIRECT(E63)))
A64: =WEEKNUM(D64,2) -> 27 | B64: =IF(OR(WEEKDAY(D64)=1, WEEKDAY(D64)=7), TEXT(D64, "dddd"), IF(COUNTIF(Reference!$A$13:$A$27, D64) > 0, "Holiday", TEXT(D64, "dddd"))) -> Thursday | C64: =TEXT(D64,"dddd") -> Thursday | D64: 46205 | I64: =IFERROR((G64/H64)*60, "") | O64: =IF(ISBLANK(E64), "", TRANSPOSE(INDIRECT(E64)))
A65: =WEEKNUM(D65,2) -> 27 | B65: =IF(OR(WEEKDAY(D65)=1, WEEKDAY(D65)=7), TEXT(D65, "dddd"), IF(COUNTIF(Reference!$A$13:$A$27, D65) > 0, "Holiday", TEXT(D65, "dddd"))) -> Friday | C65: =TEXT(D65,"dddd") -> Friday | D65: 46206 | I65: =IFERROR((G65/H65)*60, "") | O65: =IF(ISBLANK(E65), "", TRANSPOSE(INDIRECT(E65)))
A66: =WEEKNUM(D66,2) -> 27 | B66: =IF(OR(WEEKDAY(D66)=1, WEEKDAY(D66)=7), TEXT(D66, "dddd"), IF(COUNTIF(Reference!$A$13:$A$27, D66) > 0, "Holiday", TEXT(D66, "dddd"))) -> Saturday | C66: =TEXT(D66,"dddd") -> Saturday | D66: 46207 | I66: =IFERROR((G66/H66)*60, "") | O66: =IF(ISBLANK(E66), "", TRANSPOSE(INDIRECT(E66)))
A67: =WEEKNUM(D67,2) -> 27 | B67: =IF(OR(WEEKDAY(D67)=1, WEEKDAY(D67)=7), TEXT(D67, "dddd"), IF(COUNTIF(Reference!$A$13:$A$27, D67) > 0, "Holiday", TEXT(D67, "dddd"))) -> Sunday | C67: =TEXT(D67,"dddd") -> Sunday | D67: 46208 | I67: =IFERROR((G67/H67)*60, "") | O67: =IF(ISBLANK(E67), "", TRANSPOSE(INDIRECT(E67)))
A68: =WEEKNUM(D68,2) -> 28 | B68: =IF(OR(WEEKDAY(D68)=1, WEEKDAY(D68)=7), TEXT(D68, "dddd"), IF(COUNTIF(Reference!$A$13:$A$27, D68) > 0, "Holiday", TEXT(D68, "dddd"))) -> Monday | C68: =TEXT(D68,"dddd") -> Monday | D68: 46209 | I68: =IFERROR((G68/H68)*60, "") | O68: =IF(ISBLANK(E68), "", TRANSPOSE(INDIRECT(E68)))
... A246: =WEEKNUM(D246,2) -> 53 | B246: =IF(OR(WEEKDAY(D246)=1, WEEKDAY(D246)=7), TEXT(D246, "dddd"), IF(COUNTIF(Reference!$A$13:$A$27, D246) > 0, "Holiday", TEXT(D246, "dddd"))) -> Holiday | C246: =TEXT(D246,"dddd") -> Thursday | D246: 46387 | I246: =IFERROR((G246/H246)*60, "") | O246: =IF(ISBLANK(E246), "", TRANSPOSE(INDIRECT(E246)))

Sheet Fasih
A1: KW | B1: Holiday OR Weekend | C1: Day | D1: Date | E1: Project | F1: Task | G1: Duration (Hrs) | H1: # of Signals | I1: Time per Signal (mins) | J1: Notes
A2: =WEEKNUM(D2,2) -> 18 | B2: =IF(OR(WEEKDAY(D2)=1, WEEKDAY(D2)=7), TEXT(D2, "dddd"), IF(COUNTIF(Reference!$A$13:$A$27, D2) > 0, "Holiday", TEXT(D2, "dddd"))) -> Holiday | C2: =TEXT(D2,"dddd") -> Friday | D2: 46143 | P2: =IF(ISBLANK(E2), "", TRANSPOSE(INDIRECT(E2)))
A3: =WEEKNUM(D3,2) -> 18 | B3: =IF(OR(WEEKDAY(D3)=1, WEEKDAY(D3)=7), TEXT(D3, "dddd"), IF(COUNTIF(Reference!$A$13:$A$27, D3) > 0, "Holiday", TEXT(D3, "dddd"))) -> Saturday | C3: =TEXT(D3,"dddd") -> Saturday | D3: 46144 | I3: =IFERROR((G3/H3)*60, "") | P3: =IF(ISBLANK(E3), "", TRANSPOSE(INDIRECT(E3)))
A4: =WEEKNUM(D4,2) -> 18 | B4: =IF(OR(WEEKDAY(D4)=1, WEEKDAY(D4)=7), TEXT(D4, "dddd"), IF(COUNTIF(Reference!$A$13:$A$27, D4) > 0, "Holiday", TEXT(D4, "dddd"))) -> Sunday | C4: =TEXT(D4,"dddd") -> Sunday | D4: 46145 | I4: =IFERROR((G4/H4)*60, "") | P4: =IF(ISBLANK(E4), "", TRANSPOSE(INDIRECT(E4)))
A5: =WEEKNUM(D5,2) -> 19 | B5: =IF(OR(WEEKDAY(D5)=1, WEEKDAY(D5)=7), TEXT(D5, "dddd"), IF(COUNTIF(Reference!$A$13:$A$27, D5) > 0, "Holiday", TEXT(D5, "dddd"))) -> Monday | C5: =TEXT(D5,"dddd") -> Monday | D5: 46146 | E5: Topology_Coding | F5: TPfC Phase 3 | G5: 8 | I5: =IFERROR((G5/H5)*60, "") | P5: =IF(ISBLANK(E5), "", TRANSPOSE(INDIRECT(E5))) -> Netherlands | Q5: Norway | R5: Switzerland | S5: UK
A6: =WEEKNUM(D6,2) -> 19 | B6: =IF(OR(WEEKDAY(D6)=1, WEEKDAY(D6)=7), TEXT(D6, "dddd"), IF(COUNTIF(Reference!$A$13:$A$27, D6) > 0, "Holiday", TEXT(D6, "dddd"))) -> Tuesday | C6: =TEXT(D6,"dddd") -> Tuesday | D6: 46147 | E6: Topology_Coding | F6: TPfC Phase 3 | G6: 8 | I6: =IFERROR((G6/H6)*60, "") | P6: =IF(ISBLANK(E6), "", TRANSPOSE(INDIRECT(E6))) -> Netherlands | Q6: Norway | R6: Switzerland | S6: UK
A7: =WEEKNUM(D7,2) -> 19 | B7: =IF(OR(WEEKDAY(D7)=1, WEEKDAY(D7)=7), TEXT(D7, "dddd"), IF(COUNTIF(Reference!$A$13:$A$27, D7) > 0, "Holiday", TEXT(D7, "dddd"))) -> Wednesday | C7: =TEXT(D7,"dddd") -> Wednesday | D7: 46148 | E7: Topology_Coding | F7: TPfC Phase 3 | G7: 4 | I7: =IFERROR((G7/H7)*60, "") | P7: =IF(ISBLANK(E7), "", TRANSPOSE(INDIRECT(E7))) -> Netherlands | Q7: Norway | R7: Switzerland | S7: UK
A8: =WEEKNUM(D8,2) -> 19 | B8: =IF(OR(WEEKDAY(D8)=1, WEEKDAY(D8)=7), TEXT(D8, "dddd"), IF(COUNTIF(Reference!$A$13:$A$27, D8) > 0, "Holiday", TEXT(D8, "dddd"))) -> Thursday | C8: =TEXT(D8,"dddd") -> Thursday | D8: 46149 | I8: =IFERROR((G8/H8)*60, "") | P8: =IF(ISBLANK(E8), "", TRANSPOSE(INDIRECT(E8)))
A9: =WEEKNUM(D9,2) -> 19 | B9: =IF(OR(WEEKDAY(D9)=1, WEEKDAY(D9)=7), TEXT(D9, "dddd"), IF(COUNTIF(Reference!$A$13:$A$27, D9) > 0, "Holiday", TEXT(D9, "dddd"))) -> Friday | C9: =TEXT(D9,"dddd") -> Friday | D9: 46150 | I9: =IFERROR((G9/H9)*60, "") | P9: =IF(ISBLANK(E9), "", TRANSPOSE(INDIRECT(E9)))
A10: =WEEKNUM(D10,2) -> 19 | B10: =IF(OR(WEEKDAY(D10)=1, WEEKDAY(D10)=7), TEXT(D10, "dddd"), IF(COUNTIF(Reference!$A$13:$A$27, D10) > 0, "Holiday", TEXT(D10, "dddd"))) -> Saturday | C10: =TEXT(D10,"dddd") -> Saturday | D10: 46151 | I10: =IFERROR((G10/H10)*60, "") | P10: =IF(ISBLANK(E10), "", TRANSPOSE(INDIRECT(E10)))
A11: =WEEKNUM(D11,2) -> 19 | B11: =IF(OR(WEEKDAY(D11)=1, WEEKDAY(D11)=7), TEXT(D11, "dddd"), IF(COUNTIF(Reference!$A$13:$A$27, D11) > 0, "Holiday", TEXT(D11, "dddd"))) -> Sunday | C11: =TEXT(D11,"dddd") -> Sunday | D11: 46152 | I11: =IFERROR((G11/H11)*60, "") | P11: =IF(ISBLANK(E11), "", TRANSPOSE(INDIRECT(E11)))
A12: =WEEKNUM(D12,2) -> 20 | B12: =IF(OR(WEEKDAY(D12)=1, WEEKDAY(D12)=7), TEXT(D12, "dddd"), IF(COUNTIF(Reference!$A$13:$A$27, D12) > 0, "Holiday", TEXT(D12, "dddd"))) -> Monday | C12: =TEXT(D12,"dddd") -> Monday | D12: 46153 | E12: Topology_Coding | F12: UK | G12: 6 | I12: =IFERROR((G12/H12)*60, "") | P12: =IF(ISBLANK(E12), "", TRANSPOSE(INDIRECT(E12))) -> Netherlands | Q12: Norway | R12: Switzerland | S12: UK
A13: =WEEKNUM(D13,2) -> 20 | B13: =IF(OR(WEEKDAY(D13)=1, WEEKDAY(D13)=7), TEXT(D13, "dddd"), IF(COUNTIF(Reference!$A$13:$A$27, D13) > 0, "Holiday", TEXT(D13, "dddd"))) -> Tuesday | C13: =TEXT(D13,"dddd") -> Tuesday | D13: 46154 | I13: =IFERROR((G13/H13)*60, "") | P13: =IF(ISBLANK(E13), "", TRANSPOSE(INDIRECT(E13)))
A14: =WEEKNUM(D14,2) -> 20 | B14: =IF(OR(WEEKDAY(D14)=1, WEEKDAY(D14)=7), TEXT(D14, "dddd"), IF(COUNTIF(Reference!$A$13:$A$27, D14) > 0, "Holiday", TEXT(D14, "dddd"))) -> Wednesday | C14: =TEXT(D14,"dddd") -> Wednesday | D14: 46155 | E14: Field_Testing | F14: TPfC - Test Suite | G14: 9 | I14: =IFERROR((G14/H14)*60, "") | P14: =IF(ISBLANK(E14), "", TRANSPOSE(INDIRECT(E14))) -> TPfC - Test Suite
A15: =WEEKNUM(D15,2) -> 20 | B15: =IF(OR(WEEKDAY(D15)=1, WEEKDAY(D15)=7), TEXT(D15, "dddd"), IF(COUNTIF(Reference!$A$13:$A$27, D15) > 0, "Holiday", TEXT(D15, "dddd"))) -> Holiday | C15: =TEXT(D15,"dddd") -> Thursday | D15: 46156 | I15: =IFERROR((G15/H15)*60, "") | P15: =IF(ISBLANK(E15), "", TRANSPOSE(INDIRECT(E15)))
A16: =WEEKNUM(D16,2) -> 20 | B16: =IF(OR(WEEKDAY(D16)=1, WEEKDAY(D16)=7), TEXT(D16, "dddd"), IF(COUNTIF(Reference!$A$13:$A$27, D16) > 0, "Holiday", TEXT(D16, "dddd"))) -> Friday | C16: =TEXT(D16,"dddd") -> Friday | D16: 46157 | I16: =IFERROR((G16/H16)*60, "") | P16: =IF(ISBLANK(E16), "", TRANSPOSE(INDIRECT(E16)))
A17: =WEEKNUM(D17,2) -> 20 | B17: =IF(OR(WEEKDAY(D17)=1, WEEKDAY(D17)=7), TEXT(D17, "dddd"), IF(COUNTIF(Reference!$A$13:$A$27, D17) > 0, "Holiday", TEXT(D17, "dddd"))) -> Saturday | C17: =TEXT(D17,"dddd") -> Saturday | D17: 46158 | E17: Topology_Coding | F17: Switzerland | G17: 3 | I17: =IFERROR((G17/H17)*60, "") | P17: =IF(ISBLANK(E17), "", TRANSPOSE(INDIRECT(E17))) -> Netherlands | Q17: Norway | R17: Switzerland | S17: UK
A18: =WEEKNUM(D18,2) -> 20 | B18: =IF(OR(WEEKDAY(D18)=1, WEEKDAY(D18)=7), TEXT(D18, "dddd"), IF(COUNTIF(Reference!$A$13:$A$27, D18) > 0, "Holiday", TEXT(D18, "dddd"))) -> Sunday | C18: =TEXT(D18,"dddd") -> Sunday | D18: 46159 | I18: =IFERROR((G18/H18)*60, "") | P18: =IF(ISBLANK(E18), "", TRANSPOSE(INDIRECT(E18)))
A19: =WEEKNUM(D19,2) -> 21 | B19: =IF(OR(WEEKDAY(D19)=1, WEEKDAY(D19)=7), TEXT(D19, "dddd"), IF(COUNTIF(Reference!$A$13:$A$27, D19) > 0, "Holiday", TEXT(D19, "dddd"))) -> Monday | C19: =TEXT(D19,"dddd") -> Monday | D19: 46160 | E19: Topology_Coding | F19: UK | G19: 8 | I19: =IFERROR((G19/H19)*60, "") | P19: =IF(ISBLANK(E19), "", TRANSPOSE(INDIRECT(E19))) -> Netherlands | Q19: Norway | R19: Switzerland | S19: UK
A20: =WEEKNUM(D20,2) -> 21 | B20: =IF(OR(WEEKDAY(D20)=1, WEEKDAY(D20)=7), TEXT(D20, "dddd"), IF(COUNTIF(Reference!$A$13:$A$27, D20) > 0, "Holiday", TEXT(D20, "dddd"))) -> Tuesday | C20: =TEXT(D20,"dddd") -> Tuesday | D20: 46161 | E20: Topology_Coding | F20: Switzerland | G20: 8 | I20: =IFERROR((G20/H20)*60, "") | P20: =IF(ISBLANK(E20), "", TRANSPOSE(INDIRECT(E20))) -> Netherlands | Q20: Norway | R20: Switzerland | S20: UK
A21: =WEEKNUM(D21,2) -> 21 | B21: =IF(OR(WEEKDAY(D21)=1, WEEKDAY(D21)=7), TEXT(D21, "dddd"), IF(COUNTIF(Reference!$A$13:$A$27, D21) > 0, "Holiday", TEXT(D21, "dddd"))) -> Wednesday | C21: =TEXT(D21,"dddd") -> Wednesday | D21: 46162 | E21: Topology_Coding | F21: Switzerland | G21: 4 | I21: =IFERROR((G21/H21)*60, "") | P21: =IF(ISBLANK(E21), "", TRANSPOSE(INDIRECT(E21))) -> Netherlands | Q21: Norway | R21: Switzerland | S21: UK
A22: =WEEKNUM(D22,2) -> 21 | B22: =IF(OR(WEEKDAY(D22)=1, WEEKDAY(D22)=7), TEXT(D22, "dddd"), IF(COUNTIF(Reference!$A$13:$A$27, D22) > 0, "Holiday", TEXT(D22, "dddd"))) -> Thursday | C22: =TEXT(D22,"dddd") -> Thursday | D22: 46163 | I22: =IFERROR((G22/H22)*60, "") | P22: =IF(ISBLANK(E22), "", TRANSPOSE(INDIRECT(E22)))
A23: =WEEKNUM(D23,2) -> 21 | B23: =IF(OR(WEEKDAY(D23)=1, WEEKDAY(D23)=7), TEXT(D23, "dddd"), IF(COUNTIF(Reference!$A$13:$A$27, D23) > 0, "Holiday", TEXT(D23, "dddd"))) -> Friday | C23: =TEXT(D23,"dddd") -> Friday | D23: 46164 | I23: =IFERROR((G23/H23)*60, "") | P23: =IF(ISBLANK(E23), "", TRANSPOSE(INDIRECT(E23)))
A24: =WEEKNUM(D24,2) -> 21 | B24: =IF(OR(WEEKDAY(D24)=1, WEEKDAY(D24)=7), TEXT(D24, "dddd"), IF(COUNTIF(Reference!$A$13:$A$27, D24) > 0, "Holiday", TEXT(D24, "dddd"))) -> Saturday | C24: =TEXT(D24,"dddd") -> Saturday | D24: 46165 | I24: =IFERROR((G24/H24)*60, "") | P24: =IF(ISBLANK(E24), "", TRANSPOSE(INDIRECT(E24)))
A25: =WEEKNUM(D25,2) -> 21 | B25: =IF(OR(WEEKDAY(D25)=1, WEEKDAY(D25)=7), TEXT(D25, "dddd"), IF(COUNTIF(Reference!$A$13:$A$27, D25) > 0, "Holiday", TEXT(D25, "dddd"))) -> Sunday | C25: =TEXT(D25,"dddd") -> Sunday | D25: 46166 | I25: =IFERROR((G25/H25)*60, "") | P25: =IF(ISBLANK(E25), "", TRANSPOSE(INDIRECT(E25)))
A26: =WEEKNUM(D26,2) -> 22 | B26: =IF(OR(WEEKDAY(D26)=1, WEEKDAY(D26)=7), TEXT(D26, "dddd"), IF(COUNTIF(Reference!$A$13:$A$27, D26) > 0, "Holiday", TEXT(D26, "dddd"))) -> Holiday | C26: =TEXT(D26,"dddd") -> Monday | D26: 46167 | I26: =IFERROR((G26/H26)*60, "") | P26: =IF(ISBLANK(E26), "", TRANSPOSE(INDIRECT(E26)))
A27: =WEEKNUM(D27,2) -> 22 | B27: =IF(OR(WEEKDAY(D27)=1, WEEKDAY(D27)=7), TEXT(D27, "dddd"), IF(COUNTIF(Reference!$A$13:$A$27, D27) > 0, "Holiday", TEXT(D27, "dddd"))) -> Tuesday | C27: =TEXT(D27,"dddd") -> Tuesday | D27: 46168 | E27: Topology_Coding | F27: Switzerland | G27: 8 | H27: 20 | I27: =IFERROR((G27/H27)*60, "") -> 24 | P27: =IF(ISBLANK(E27), "", TRANSPOSE(INDIRECT(E27))) -> Netherlands | Q27: Norway | R27: Switzerland | S27: UK
A28: =WEEKNUM(D28,2) -> 22 | B28: =IF(OR(WEEKDAY(D28)=1, WEEKDAY(D28)=7), TEXT(D28, "dddd"), IF(COUNTIF(Reference!$A$13:$A$27, D28) > 0, "Holiday", TEXT(D28, "dddd"))) -> Wednesday | C28: =TEXT(D28,"dddd") -> Wednesday | D28: 46169 | E28: Topology_Coding | F28: Switzerland | G28: 6 | H28: 15 | I28: =IFERROR((G28/H28)*60, "") -> 24 | P28: =IF(ISBLANK(E28), "", TRANSPOSE(INDIRECT(E28))) -> Netherlands | Q28: Norway | R28: Switzerland | S28: UK
A29: =WEEKNUM(D29,2) -> 22 | B29: =IF(OR(WEEKDAY(D29)=1, WEEKDAY(D29)=7), TEXT(D29, "dddd"), IF(COUNTIF(Reference!$A$13:$A$27, D29) > 0, "Holiday", TEXT(D29, "dddd"))) -> Thursday | C29: =TEXT(D29,"dddd") -> Thursday | D29: 46170 | E29: Topology_Coding | F29: Switzerland | G29: 6 | H29: 13 | I29: =IFERROR((G29/H29)*60, "") -> 27.692308 | P29: =IF(ISBLANK(E29), "", TRANSPOSE(INDIRECT(E29))) -> Netherlands | Q29: Norway | R29: Switzerland | S29: UK
A30: =WEEKNUM(D30,2) -> 22 | B30: =IF(OR(WEEKDAY(D30)=1, WEEKDAY(D30)=7), TEXT(D30, "dddd"), IF(COUNTIF(Reference!$A$13:$A$27, D30) > 0, "Holiday", TEXT(D30, "dddd"))) -> Friday | C30: =TEXT(D30,"dddd") -> Friday | D30: 46171 | I30: =IFERROR((G30/H30)*60, "") | P30: =IF(ISBLANK(E30), "", TRANSPOSE(INDIRECT(E30)))
A31: =WEEKNUM(D31,2) -> 22 | B31: =IF(OR(WEEKDAY(D31)=1, WEEKDAY(D31)=7), TEXT(D31, "dddd"), IF(COUNTIF(Reference!$A$13:$A$27, D31) > 0, "Holiday", TEXT(D31, "dddd"))) -> Saturday | C31: =TEXT(D31,"dddd") -> Saturday | D31: 46172 | I31: =IFERROR((G31/H31)*60, "") | P31: =IF(ISBLANK(E31), "", TRANSPOSE(INDIRECT(E31)))
A32: =WEEKNUM(D32,2) -> 22 | B32: =IF(OR(WEEKDAY(D32)=1, WEEKDAY(D32)=7), TEXT(D32, "dddd"), IF(COUNTIF(Reference!$A$13:$A$27, D32) > 0, "Holiday", TEXT(D32, "dddd"))) -> Sunday | C32: =TEXT(D32,"dddd") -> Sunday | D32: 46173 | I32: =IFERROR((G32/H32)*60, "") | P32: =IF(ISBLANK(E32), "", TRANSPOSE(INDIRECT(E32)))
A33: =WEEKNUM(D33,2) -> 23 | B33: =IF(OR(WEEKDAY(D33)=1, WEEKDAY(D33)=7), TEXT(D33, "dddd"), IF(COUNTIF(Reference!$A$13:$A$27, D33) > 0, "Holiday", TEXT(D33, "dddd"))) -> Monday | C33: =TEXT(D33,"dddd") -> Monday | D33: 46174 | E33: Topology_Coding | F33: Switzerland | G33: 6 | H33: 22 | I33: =IFERROR((G33/H33)*60, "") -> 16.363636 | P33: =IF(ISBLANK(E33), "", TRANSPOSE(INDIRECT(E33))) -> Netherlands | Q33: Norway | R33: Switzerland | S33: UK
A34: =WEEKNUM(D34,2) -> 23 | B34: =IF(OR(WEEKDAY(D34)=1, WEEKDAY(D34)=7), TEXT(D34, "dddd"), IF(COUNTIF(Reference!$A$13:$A$27, D34) > 0, "Holiday", TEXT(D34, "dddd"))) -> Tuesday | C34: =TEXT(D34,"dddd") -> Tuesday | D34: 46175 | E34: Topology_Coding | F34: Switzerland | G34: 8 | H34: 28 | I34: =IFERROR((G34/H34)*60, "") -> 17.142857 | P34: =IF(ISBLANK(E34), "", TRANSPOSE(INDIRECT(E34))) -> Netherlands | Q34: Norway | R34: Switzerland | S34: UK
A35: =WEEKNUM(D35,2) -> 23 | B35: =IF(OR(WEEKDAY(D35)=1, WEEKDAY(D35)=7), TEXT(D35, "dddd"), IF(COUNTIF(Reference!$A$13:$A$27, D35) > 0, "Holiday", TEXT(D35, "dddd"))) -> Wednesday | C35: =TEXT(D35,"dddd") -> Wednesday | D35: 46176 | E35: Topology_Coding | F35: UK | G35: 6 | H35: 20 | I35: =IFERROR((G35/H35)*60, "") -> 18 | P35: =IF(ISBLANK(E35), "", TRANSPOSE(INDIRECT(E35))) -> Netherlands | Q35: Norway | R35: Switzerland | S35: UK
A36: =WEEKNUM(D36,2) -> 23 | B36: =IF(OR(WEEKDAY(D36)=1, WEEKDAY(D36)=7), TEXT(D36, "dddd"), IF(COUNTIF(Reference!$A$13:$A$27, D36) > 0, "Holiday", TEXT(D36, "dddd"))) -> Holiday | C36: =TEXT(D36,"dddd") -> Thursday | D36: 46177 | I36: =IFERROR((G36/H36)*60, "") | P36: =IF(ISBLANK(E36), "", TRANSPOSE(INDIRECT(E36)))
A37: =WEEKNUM(D37,2) -> 23 | B37: =IF(OR(WEEKDAY(D37)=1, WEEKDAY(D37)=7), TEXT(D37, "dddd"), IF(COUNTIF(Reference!$A$13:$A$27, D37) > 0, "Holiday", TEXT(D37, "dddd"))) -> Friday | C37: =TEXT(D37,"dddd") -> Friday | D37: 46178 | I37: =IFERROR((G37/H37)*60, "") | P37: =IF(ISBLANK(E37), "", TRANSPOSE(INDIRECT(E37)))
A38: =WEEKNUM(D38,2) -> 23 | B38: =IF(OR(WEEKDAY(D38)=1, WEEKDAY(D38)=7), TEXT(D38, "dddd"), IF(COUNTIF(Reference!$A$13:$A$27, D38) > 0, "Holiday", TEXT(D38, "dddd"))) -> Saturday | C38: =TEXT(D38,"dddd") -> Saturday | D38: 46179 | I38: =IFERROR((G38/H38)*60, "") | P38: =IF(ISBLANK(E38), "", TRANSPOSE(INDIRECT(E38)))
A39: =WEEKNUM(D39,2) -> 23 | B39: =IF(OR(WEEKDAY(D39)=1, WEEKDAY(D39)=7), TEXT(D39, "dddd"), IF(COUNTIF(Reference!$A$13:$A$27, D39) > 0, "Holiday", TEXT(D39, "dddd"))) -> Sunday | C39: =TEXT(D39,"dddd") -> Sunday | D39: 46180 | I39: =IFERROR((G39/H39)*60, "") | P39: =IF(ISBLANK(E39), "", TRANSPOSE(INDIRECT(E39)))
A40: =WEEKNUM(D40,2) -> 24 | B40: =IF(OR(WEEKDAY(D40)=1, WEEKDAY(D40)=7), TEXT(D40, "dddd"), IF(COUNTIF(Reference!$A$13:$A$27, D40) > 0, "Holiday", TEXT(D40, "dddd"))) -> Monday | C40: =TEXT(D40,"dddd") -> Monday | D40: 46181 | E40: Topology_Coding | F40: UK | G40: 8 | H40: 15 | I40: =IFERROR((G40/H40)*60, "") -> 32 | P40: =IF(ISBLANK(E40), "", TRANSPOSE(INDIRECT(E40))) -> Netherlands | Q40: Norway | R40: Switzerland | S40: UK
A41: =WEEKNUM(D41,2) -> 24 | B41: =IF(OR(WEEKDAY(D41)=1, WEEKDAY(D41)=7), TEXT(D41, "dddd"), IF(COUNTIF(Reference!$A$13:$A$27, D41) > 0, "Holiday", TEXT(D41, "dddd"))) -> Tuesday | C41: =TEXT(D41,"dddd") -> Tuesday | D41: 46182 | E41: Topology_Coding | F41: UK | G41: 6 | H41: 22 | I41: =IFERROR((G41/H41)*60, "") -> 16.363636 | P41: =IF(ISBLANK(E41), "", TRANSPOSE(INDIRECT(E41))) -> Netherlands | Q41: Norway | R41: Switzerland | S41: UK
A42: =WEEKNUM(D42,2) -> 24 | B42: =IF(OR(WEEKDAY(D42)=1, WEEKDAY(D42)=7), TEXT(D42, "dddd"), IF(COUNTIF(Reference!$A$13:$A$27, D42) > 0, "Holiday", TEXT(D42, "dddd"))) -> Wednesday | C42: =TEXT(D42,"dddd") -> Wednesday | D42: 46183 | E42: Topology_Coding | F42: UK | G42: 6 | H42: 16 | I42: =IFERROR((G42/H42)*60, "") -> 22.5 | P42: =IF(ISBLANK(E42), "", TRANSPOSE(INDIRECT(E42))) -> Netherlands | Q42: Norway | R42: Switzerland | S42: UK
A43: =WEEKNUM(D43,2) -> 24 | B43: =IF(OR(WEEKDAY(D43)=1, WEEKDAY(D43)=7), TEXT(D43, "dddd"), IF(COUNTIF(Reference!$A$13:$A$27, D43) > 0, "Holiday", TEXT(D43, "dddd"))) -> Thursday | C43: =TEXT(D43,"dddd") -> Thursday | D43: 46184 | I43: =IFERROR((G43/H43)*60, "") | P43: =IF(ISBLANK(E43), "", TRANSPOSE(INDIRECT(E43)))
A44: =WEEKNUM(D44,2) -> 24 | B44: =IF(OR(WEEKDAY(D44)=1, WEEKDAY(D44)=7), TEXT(D44, "dddd"), IF(COUNTIF(Reference!$A$13:$A$27, D44) > 0, "Holiday", TEXT(D44, "dddd"))) -> Friday | C44: =TEXT(D44,"dddd") -> Friday | D44: 46185 | I44: =IFERROR((G44/H44)*60, "") | P44: =IF(ISBLANK(E44), "", TRANSPOSE(INDIRECT(E44)))
A45: =WEEKNUM(D45,2) -> 24 | B45: =IF(OR(WEEKDAY(D45)=1, WEEKDAY(D45)=7), TEXT(D45, "dddd"), IF(COUNTIF(Reference!$A$13:$A$27, D45) > 0, "Holiday", TEXT(D45, "dddd"))) -> Saturday | C45: =TEXT(D45,"dddd") -> Saturday | D45: 46186 | P45: =IF(ISBLANK(E45), "", TRANSPOSE(INDIRECT(E45)))
A46: =WEEKNUM(D46,2) -> 24 | B46: =IF(OR(WEEKDAY(D46)=1, WEEKDAY(D46)=7), TEXT(D46, "dddd"), IF(COUNTIF(Reference!$A$13:$A$27, D46) > 0, "Holiday", TEXT(D46, "dddd"))) -> Sunday | C46: =TEXT(D46,"dddd") -> Sunday | D46: 46187 | P46: =IF(ISBLANK(E46), "", TRANSPOSE(INDIRECT(E46)))
A47: =WEEKNUM(D47,2) -> 25 | B47: =IF(OR(WEEKDAY(D47)=1, WEEKDAY(D47)=7), TEXT(D47, "dddd"), IF(COUNTIF(Reference!$A$13:$A$27, D47) > 0, "Holiday", TEXT(D47, "dddd"))) -> Monday | C47: =TEXT(D47,"dddd") -> Monday | D47: 46188 | E47: Topology_Coding | F47: Norway | G47: 8 | H47: 26 | I47: =IFERROR((G47/H47)*60, "") -> 18.461538 | P47: =IF(ISBLANK(E47), "", TRANSPOSE(INDIRECT(E47))) -> Netherlands | Q47: Norway | R47: Switzerland | S47: UK
A48: =WEEKNUM(D48,2) -> 25 | B48: =IF(OR(WEEKDAY(D48)=1, WEEKDAY(D48)=7), TEXT(D48, "dddd"), IF(COUNTIF(Reference!$A$13:$A$27, D48) > 0, "Holiday", TEXT(D48, "dddd"))) -> Tuesday | C48: =TEXT(D48,"dddd") -> Tuesday | D48: 46189 | E48: Topology_Coding | F48: Norway | G48: 6 | H48: 20 | I48: =IFERROR((G48/H48)*60, "") -> 18 | P48: =IF(ISBLANK(E48), "", TRANSPOSE(INDIRECT(E48))) -> Netherlands | Q48: Norway | R48: Switzerland | S48: UK
A49: =WEEKNUM(D49,2) -> 25 | B49: =IF(OR(WEEKDAY(D49)=1, WEEKDAY(D49)=7), TEXT(D49, "dddd"), IF(COUNTIF(Reference!$A$13:$A$27, D49) > 0, "Holiday", TEXT(D49, "dddd"))) -> Wednesday | C49: =TEXT(D49,"dddd") -> Wednesday | D49: 46190 | E49: Topology_Coding | F49: Switzerland | G49: 6 | H49: 21 | I49: =IFERROR((G49/H49)*60, "") -> 17.142857 | P49: =IF(ISBLANK(E49), "", TRANSPOSE(INDIRECT(E49))) -> Netherlands | Q49: Norway | R49: Switzerland | S49: UK
A50: =WEEKNUM(D50,2) -> 25 | B50: =IF(OR(WEEKDAY(D50)=1, WEEKDAY(D50)=7), TEXT(D50, "dddd"), IF(COUNTIF(Reference!$A$13:$A$27, D50) > 0, "Holiday", TEXT(D50, "dddd"))) -> Thursday | C50: =TEXT(D50,"dddd") -> Thursday | D50: 46191 | I50: =IFERROR((G50/H50)*60, "") | P50: =IF(ISBLANK(E50), "", TRANSPOSE(INDIRECT(E50)))
A51: =WEEKNUM(D51,2) -> 25 | B51: =IF(OR(WEEKDAY(D51)=1, WEEKDAY(D51)=7), TEXT(D51, "dddd"), IF(COUNTIF(Reference!$A$13:$A$27, D51) > 0, "Holiday", TEXT(D51, "dddd"))) -> Friday | C51: =TEXT(D51,"dddd") -> Friday | D51: 46192 | I51: =IFERROR((G51/H51)*60, "") | P51: =IF(ISBLANK(E51), "", TRANSPOSE(INDIRECT(E51)))
A52: =WEEKNUM(D52,2) -> 25 | B52: =IF(OR(WEEKDAY(D52)=1, WEEKDAY(D52)=7), TEXT(D52, "dddd"), IF(COUNTIF(Reference!$A$13:$A$27, D52) > 0, "Holiday", TEXT(D52, "dddd"))) -> Saturday | C52: =TEXT(D52,"dddd") -> Saturday | D52: 46193 | I52: =IFERROR((G52/H52)*60, "") | P52: =IF(ISBLANK(E52), "", TRANSPOSE(INDIRECT(E52)))
A53: =WEEKNUM(D53,2) -> 25 | B53: =IF(OR(WEEKDAY(D53)=1, WEEKDAY(D53)=7), TEXT(D53, "dddd"), IF(COUNTIF(Reference!$A$13:$A$27, D53) > 0, "Holiday", TEXT(D53, "dddd"))) -> Sunday | C53: =TEXT(D53,"dddd") -> Sunday | D53: 46194 | E53: Topology_Coding | F53: Switzerland | G53: 8 | H53: 25 | I53: =IFERROR((G53/H53)*60, "") -> 19.2 | P53: =IF(ISBLANK(E53), "", TRANSPOSE(INDIRECT(E53))) -> Netherlands | Q53: Norway | R53: Switzerland | S53: UK
A54: =WEEKNUM(D54,2) -> 26 | B54: =IF(OR(WEEKDAY(D54)=1, WEEKDAY(D54)=7), TEXT(D54, "dddd"), IF(COUNTIF(Reference!$A$13:$A$27, D54) > 0, "Holiday", TEXT(D54, "dddd"))) -> Monday | C54: =TEXT(D54,"dddd") -> Monday | D54: 46195 | E54: Topology_Coding | F54: Switzerland | G54: 6 | H54: 18 | I54: =IFERROR((G54/H54)*60, "") -> 20 | P54: =IF(ISBLANK(E54), "", TRANSPOSE(INDIRECT(E54))) -> Netherlands | Q54: Norway | R54: Switzerland | S54: UK
A55: =WEEKNUM(D55,2) -> 26 | B55: =IF(OR(WEEKDAY(D55)=1, WEEKDAY(D55)=7), TEXT(D55, "dddd"), IF(COUNTIF(Reference!$A$13:$A$27, D55) > 0, "Holiday", TEXT(D55, "dddd"))) -> Tuesday | C55: =TEXT(D55,"dddd") -> Tuesday | D55: 46196 | I55: =IFERROR((G55/H55)*60, "") | P55: =IF(ISBLANK(E55), "", TRANSPOSE(INDIRECT(E55)))
A56: =WEEKNUM(D56,2) -> 26 | B56: =IF(OR(WEEKDAY(D56)=1, WEEKDAY(D56)=7), TEXT(D56, "dddd"), IF(COUNTIF(Reference!$A$13:$A$27, D56) > 0, "Holiday", TEXT(D56, "dddd"))) -> Wednesday | C56: =TEXT(D56,"dddd") -> Wednesday | D56: 46197 | I56: =IFERROR((G56/H56)*60, "") | P56: =IF(ISBLANK(E56), "", TRANSPOSE(INDIRECT(E56)))
A57: =WEEKNUM(D57,2) -> 26 | B57: =IF(OR(WEEKDAY(D57)=1, WEEKDAY(D57)=7), TEXT(D57, "dddd"), IF(COUNTIF(Reference!$A$13:$A$27, D57) > 0, "Holiday", TEXT(D57, "dddd"))) -> Thursday | C57: =TEXT(D57,"dddd") -> Thursday | D57: 46198 | I57: =IFERROR((G57/H57)*60, "") | P57: =IF(ISBLANK(E57), "", TRANSPOSE(INDIRECT(E57)))
A58: =WEEKNUM(D58,2) -> 26 | B58: =IF(OR(WEEKDAY(D58)=1, WEEKDAY(D58)=7), TEXT(D58, "dddd"), IF(COUNTIF(Reference!$A$13:$A$27, D58) > 0, "Holiday", TEXT(D58, "dddd"))) -> Friday | C58: =TEXT(D58,"dddd") -> Friday | D58: 46199 | I58: =IFERROR((G58/H58)*60, "") | P58: =IF(ISBLANK(E58), "", TRANSPOSE(INDIRECT(E58)))
A59: =WEEKNUM(D59,2) -> 26 | B59: =IF(OR(WEEKDAY(D59)=1, WEEKDAY(D59)=7), TEXT(D59, "dddd"), IF(COUNTIF(Reference!$A$13:$A$27, D59) > 0, "Holiday", TEXT(D59, "dddd"))) -> Saturday | C59: =TEXT(D59,"dddd") -> Saturday | D59: 46200 | I59: =IFERROR((G59/H59)*60, "") | P59: =IF(ISBLANK(E59), "", TRANSPOSE(INDIRECT(E59)))
A60: =WEEKNUM(D60,2) -> 26 | B60: =IF(OR(WEEKDAY(D60)=1, WEEKDAY(D60)=7), TEXT(D60, "dddd"), IF(COUNTIF(Reference!$A$13:$A$27, D60) > 0, "Holiday", TEXT(D60, "dddd"))) -> Sunday | C60: =TEXT(D60,"dddd") -> Sunday | D60: 46201 | I60: =IFERROR((G60/H60)*60, "") | P60: =IF(ISBLANK(E60), "", TRANSPOSE(INDIRECT(E60)))
A61: =WEEKNUM(D61,2) -> 27 | B61: =IF(OR(WEEKDAY(D61)=1, WEEKDAY(D61)=7), TEXT(D61, "dddd"), IF(COUNTIF(Reference!$A$13:$A$27, D61) > 0, "Holiday", TEXT(D61, "dddd"))) -> Monday | C61: =TEXT(D61,"dddd") -> Monday | D61: 46202 | I61: =IFERROR((G61/H61)*60, "") | P61: =IF(ISBLANK(E61), "", TRANSPOSE(INDIRECT(E61)))
A62: =WEEKNUM(D62,2) -> 27 | B62: =IF(OR(WEEKDAY(D62)=1, WEEKDAY(D62)=7), TEXT(D62, "dddd"), IF(COUNTIF(Reference!$A$13:$A$27, D62) > 0, "Holiday", TEXT(D62, "dddd"))) -> Tuesday | C62: =TEXT(D62,"dddd") -> Tuesday | D62: 46203 | I62: =IFERROR((G62/H62)*60, "") | P62: =IF(ISBLANK(E62), "", TRANSPOSE(INDIRECT(E62)))
A63: =WEEKNUM(D63,2) -> 27 | B63: =IF(OR(WEEKDAY(D63)=1, WEEKDAY(D63)=7), TEXT(D63, "dddd"), IF(COUNTIF(Reference!$A$13:$A$27, D63) > 0, "Holiday", TEXT(D63, "dddd"))) -> Wednesday | C63: =TEXT(D63,"dddd") -> Wednesday | D63: 46204 | I63: =IFERROR((G63/H63)*60, "") | P63: =IF(ISBLANK(E63), "", TRANSPOSE(INDIRECT(E63)))
A64: =WEEKNUM(D64,2) -> 27 | B64: =IF(OR(WEEKDAY(D64)=1, WEEKDAY(D64)=7), TEXT(D64, "dddd"), IF(COUNTIF(Reference!$A$13:$A$27, D64) > 0, "Holiday", TEXT(D64, "dddd"))) -> Thursday | C64: =TEXT(D64,"dddd") -> Thursday | D64: 46205 | I64: =IFERROR((G64/H64)*60, "") | P64: =IF(ISBLANK(E64), "", TRANSPOSE(INDIRECT(E64)))
A65: =WEEKNUM(D65,2) -> 27 | B65: =IF(OR(WEEKDAY(D65)=1, WEEKDAY(D65)=7), TEXT(D65, "dddd"), IF(COUNTIF(Reference!$A$13:$A$27, D65) > 0, "Holiday", TEXT(D65, "dddd"))) -> Friday | C65: =TEXT(D65,"dddd") -> Friday | D65: 46206 | I65: =IFERROR((G65/H65)*60, "") | P65: =IF(ISBLANK(E65), "", TRANSPOSE(INDIRECT(E65)))
A66: =WEEKNUM(D66,2) -> 27 | B66: =IF(OR(WEEKDAY(D66)=1, WEEKDAY(D66)=7), TEXT(D66, "dddd"), IF(COUNTIF(Reference!$A$13:$A$27, D66) > 0, "Holiday", TEXT(D66, "dddd"))) -> Saturday | C66: =TEXT(D66,"dddd") -> Saturday | D66: 46207 | I66: =IFERROR((G66/H66)*60, "") | P66: =IF(ISBLANK(E66), "", TRANSPOSE(INDIRECT(E66)))
... A246: =WEEKNUM(D246,2) -> 53 | B246: =IF(OR(WEEKDAY(D246)=1, WEEKDAY(D246)=7), TEXT(D246, "dddd"), IF(COUNTIF(Reference!$A$13:$A$27, D246) > 0, "Holiday", TEXT(D246, "dddd"))) -> Holiday | C246: =TEXT(D246,"dddd") -> Thursday | D246: 46387 | I246: =IFERROR((G246/H246)*60, "") | P246: =IF(ISBLANK(E246), "", TRANSPOSE(INDIRECT(E246)))

Sheet Jigar
A1: KW | B1: Holiday OR Weekend | C1: Day | D1: Date | E1: Project | F1: Task | G1: Duration (Hrs) | H1: # of Signals | I1: Time per Signal (mins) | J1: Notes
A2: =WEEKNUM(D2,2) -> 18 | B2: =IF(OR(WEEKDAY(D2)=1, WEEKDAY(D2)=7), TEXT(D2, "dddd"), IF(COUNTIF(Reference!$A$13:$A$27, D2) > 0, "Holiday", TEXT(D2, "dddd"))) -> Holiday | C2: =TEXT(D2,"dddd") -> Friday | D2: 46143 | P2: =IF(ISBLANK(E2), "", TRANSPOSE(INDIRECT(E2)))
A3: =WEEKNUM(D3,2) -> 18 | B3: =IF(OR(WEEKDAY(D3)=1, WEEKDAY(D3)=7), TEXT(D3, "dddd"), IF(COUNTIF(Reference!$A$13:$A$27, D3) > 0, "Holiday", TEXT(D3, "dddd"))) -> Saturday | C3: =TEXT(D3,"dddd") -> Saturday | D3: 46144 | I3: =IFERROR((G3/H3)*60, "") | P3: =IF(ISBLANK(E3), "", TRANSPOSE(INDIRECT(E3)))
A4: =WEEKNUM(D4,2) -> 18 | B4: =IF(OR(WEEKDAY(D4)=1, WEEKDAY(D4)=7), TEXT(D4, "dddd"), IF(COUNTIF(Reference!$A$13:$A$27, D4) > 0, "Holiday", TEXT(D4, "dddd"))) -> Sunday | C4: =TEXT(D4,"dddd") -> Sunday | D4: 46145 | I4: =IFERROR((G4/H4)*60, "") | P4: =IF(ISBLANK(E4), "", TRANSPOSE(INDIRECT(E4)))
A5: =WEEKNUM(D5,2) -> 19 | B5: =IF(OR(WEEKDAY(D5)=1, WEEKDAY(D5)=7), TEXT(D5, "dddd"), IF(COUNTIF(Reference!$A$13:$A$27, D5) > 0, "Holiday", TEXT(D5, "dddd"))) -> Monday | C5: =TEXT(D5,"dddd") -> Monday | D5: 46146 | I5: =IFERROR((G5/H5)*60, "") | P5: =IF(ISBLANK(E5), "", TRANSPOSE(INDIRECT(E5)))
A6: =WEEKNUM(D6,2) -> 19 | B6: =IF(OR(WEEKDAY(D6)=1, WEEKDAY(D6)=7), TEXT(D6, "dddd"), IF(COUNTIF(Reference!$A$13:$A$27, D6) > 0, "Holiday", TEXT(D6, "dddd"))) -> Tuesday | C6: =TEXT(D6,"dddd") -> Tuesday | D6: 46147 | I6: =IFERROR((G6/H6)*60, "") | P6: =IF(ISBLANK(E6), "", TRANSPOSE(INDIRECT(E6)))
A7: =WEEKNUM(D7,2) -> 19 | B7: =IF(OR(WEEKDAY(D7)=1, WEEKDAY(D7)=7), TEXT(D7, "dddd"), IF(COUNTIF(Reference!$A$13:$A$27, D7) > 0, "Holiday", TEXT(D7, "dddd"))) -> Wednesday | C7: =TEXT(D7,"dddd") -> Wednesday | D7: 46148 | E7: Topology_Coding | F7: UK | G7: 5 | H7: =16+14 -> 30 | I7: =IFERROR((G7/H7)*60, "") -> 10 | P7: =IF(ISBLANK(E7), "", TRANSPOSE(INDIRECT(E7))) -> Netherlands | Q7: Norway | R7: Switzerland | S7: UK
A8: =WEEKNUM(D8,2) -> 19 | B8: =IF(OR(WEEKDAY(D8)=1, WEEKDAY(D8)=7), TEXT(D8, "dddd"), IF(COUNTIF(Reference!$A$13:$A$27, D8) > 0, "Holiday", TEXT(D8, "dddd"))) -> Thursday | C8: =TEXT(D8,"dddd") -> Thursday | D8: 46149 | E8: Topology_Coding | F8: UK | G8: 5 | H8: 63 | I8: =IFERROR((G8/H8)*60, "") -> 4.7619048 | P8: =IF(ISBLANK(E8), "", TRANSPOSE(INDIRECT(E8))) -> Netherlands | Q8: Norway | R8: Switzerland | S8: UK
A9: =WEEKNUM(D9,2) -> 19 | B9: =IF(OR(WEEKDAY(D9)=1, WEEKDAY(D9)=7), TEXT(D9, "dddd"), IF(COUNTIF(Reference!$A$13:$A$27, D9) > 0, "Holiday", TEXT(D9, "dddd"))) -> Friday | C9: =TEXT(D9,"dddd") -> Friday | D9: 46150 | I9: =IFERROR((G9/H9)*60, "") | P9: =IF(ISBLANK(E9), "", TRANSPOSE(INDIRECT(E9)))
A10: =WEEKNUM(D10,2) -> 19 | B10: =IF(OR(WEEKDAY(D10)=1, WEEKDAY(D10)=7), TEXT(D10, "dddd"), IF(COUNTIF(Reference!$A$13:$A$27, D10) > 0, "Holiday", TEXT(D10, "dddd"))) -> Saturday | C10: =TEXT(D10,"dddd") -> Saturday | D10: 46151 | I10: =IFERROR((G10/H10)*60, "") | P10: =IF(ISBLANK(E10), "", TRANSPOSE(INDIRECT(E10)))
A11: =WEEKNUM(D11,2) -> 19 | B11: =IF(OR(WEEKDAY(D11)=1, WEEKDAY(D11)=7), TEXT(D11, "dddd"), IF(COUNTIF(Reference!$A$13:$A$27, D11) > 0, "Holiday", TEXT(D11, "dddd"))) -> Sunday | C11: =TEXT(D11,"dddd") -> Sunday | D11: 46152 | I11: =IFERROR((G11/H11)*60, "") | P11: =IF(ISBLANK(E11), "", TRANSPOSE(INDIRECT(E11)))
A12: =WEEKNUM(D12,2) -> 20 | B12: =IF(OR(WEEKDAY(D12)=1, WEEKDAY(D12)=7), TEXT(D12, "dddd"), IF(COUNTIF(Reference!$A$13:$A$27, D12) > 0, "Holiday", TEXT(D12, "dddd"))) -> Monday | C12: =TEXT(D12,"dddd") -> Monday | D12: 46153 | I12: =IFERROR((G12/H12)*60, "") | P12: =IF(ISBLANK(E12), "", TRANSPOSE(INDIRECT(E12)))
A13: =WEEKNUM(D13,2) -> 20 | B13: =IF(OR(WEEKDAY(D13)=1, WEEKDAY(D13)=7), TEXT(D13, "dddd"), IF(COUNTIF(Reference!$A$13:$A$27, D13) > 0, "Holiday", TEXT(D13, "dddd"))) -> Tuesday | C13: =TEXT(D13,"dddd") -> Tuesday | D13: 46154 | I13: =IFERROR((G13/H13)*60, "") | P13: =IF(ISBLANK(E13), "", TRANSPOSE(INDIRECT(E13)))
A14: =WEEKNUM(D14,2) -> 20 | B14: =IF(OR(WEEKDAY(D14)=1, WEEKDAY(D14)=7), TEXT(D14, "dddd"), IF(COUNTIF(Reference!$A$13:$A$27, D14) > 0, "Holiday", TEXT(D14, "dddd"))) -> Wednesday | C14: =TEXT(D14,"dddd") -> Wednesday | D14: 46155 | E14: Topology_Coding | F14: UK | G14: 5 | H14: 30 | I14: =IFERROR((G14/H14)*60, "") -> 10 | P14: =IF(ISBLANK(E14), "", TRANSPOSE(INDIRECT(E14))) -> Netherlands | Q14: Norway | R14: Switzerland | S14: UK
A15: =WEEKNUM(D15,2) -> 20 | B15: =IF(OR(WEEKDAY(D15)=1, WEEKDAY(D15)=7), TEXT(D15, "dddd"), IF(COUNTIF(Reference!$A$13:$A$27, D15) > 0, "Holiday", TEXT(D15, "dddd"))) -> Holiday | C15: =TEXT(D15,"dddd") -> Thursday | D15: 46156 | I15: =IFERROR((G15/H15)*60, "") | P15: =IF(ISBLANK(E15), "", TRANSPOSE(INDIRECT(E15)))
A16: =WEEKNUM(D16,2) -> 20 | B16: =IF(OR(WEEKDAY(D16)=1, WEEKDAY(D16)=7), TEXT(D16, "dddd"), IF(COUNTIF(Reference!$A$13:$A$27, D16) > 0, "Holiday", TEXT(D16, "dddd"))) -> Friday | C16: =TEXT(D16,"dddd") -> Friday | D16: 46157 | E16: Topology_Coding | F16: Switzerland | G16: 5 | H16: 50 | I16: =IFERROR((G16/H16)*60, "") -> 6 | P16: =IF(ISBLANK(E16), "", TRANSPOSE(INDIRECT(E16))) -> Netherlands | Q16: Norway | R16: Switzerland | S16: UK
A17: =WEEKNUM(D17,2) -> 20 | B17: =IF(OR(WEEKDAY(D17)=1, WEEKDAY(D17)=7), TEXT(D17, "dddd"), IF(COUNTIF(Reference!$A$13:$A$27, D17) > 0, "Holiday", TEXT(D17, "dddd"))) -> Saturday | C17: =TEXT(D17,"dddd") -> Saturday | D17: 46158 | I17: =IFERROR((G17/H17)*60, "") | P17: =IF(ISBLANK(E17), "", TRANSPOSE(INDIRECT(E17)))
A18: =WEEKNUM(D18,2) -> 20 | B18: =IF(OR(WEEKDAY(D18)=1, WEEKDAY(D18)=7), TEXT(D18, "dddd"), IF(COUNTIF(Reference!$A$13:$A$27, D18) > 0, "Holiday", TEXT(D18, "dddd"))) -> Sunday | C18: =TEXT(D18,"dddd") -> Sunday | D18: 46159 | I18: =IFERROR((G18/H18)*60, "") | P18: =IF(ISBLANK(E18), "", TRANSPOSE(INDIRECT(E18)))
A19: =WEEKNUM(D19,2) -> 21 | B19: =IF(OR(WEEKDAY(D19)=1, WEEKDAY(D19)=7), TEXT(D19, "dddd"), IF(COUNTIF(Reference!$A$13:$A$27, D19) > 0, "Holiday", TEXT(D19, "dddd"))) -> Monday | C19: =TEXT(D19,"dddd") -> Monday | D19: 46160 | I19: =IFERROR((G19/H19)*60, "") | P19: =IF(ISBLANK(E19), "", TRANSPOSE(INDIRECT(E19)))
A20: =WEEKNUM(D20,2) -> 21 | B20: =IF(OR(WEEKDAY(D20)=1, WEEKDAY(D20)=7), TEXT(D20, "dddd"), IF(COUNTIF(Reference!$A$13:$A$27, D20) > 0, "Holiday", TEXT(D20, "dddd"))) -> Tuesday | C20: =TEXT(D20,"dddd") -> Tuesday | D20: 46161 | I20: =IFERROR((G20/H20)*60, "") | P20: =IF(ISBLANK(E20), "", TRANSPOSE(INDIRECT(E20)))
A21: =WEEKNUM(D21,2) -> 21 | B21: =IF(OR(WEEKDAY(D21)=1, WEEKDAY(D21)=7), TEXT(D21, "dddd"), IF(COUNTIF(Reference!$A$13:$A$27, D21) > 0, "Holiday", TEXT(D21, "dddd"))) -> Wednesday | C21: =TEXT(D21,"dddd") -> Wednesday | D21: 46162 | E21: Topology_Coding | F21: Switzerland | G21: 5 | H21: 50 | I21: =IFERROR((G21/H21)*60, "") -> 6 | P21: =IF(ISBLANK(E21), "", TRANSPOSE(INDIRECT(E21))) -> Netherlands | Q21: Norway | R21: Switzerland | S21: UK
A22: =WEEKNUM(D22,2) -> 21 | B22: =IF(OR(WEEKDAY(D22)=1, WEEKDAY(D22)=7), TEXT(D22, "dddd"), IF(COUNTIF(Reference!$A$13:$A$27, D22) > 0, "Holiday", TEXT(D22, "dddd"))) -> Thursday | C22: =TEXT(D22,"dddd") -> Thursday | D22: 46163 | E22: Topology_Coding | F22: Switzerland | G22: 5 | H22: 25 | I22: =IFERROR((G22/H22)*60, "") -> 12 | P22: =IF(ISBLANK(E22), "", TRANSPOSE(INDIRECT(E22))) -> Netherlands | Q22: Norway | R22: Switzerland | S22: UK
A23: =WEEKNUM(D23,2) -> 21 | B23: =IF(OR(WEEKDAY(D23)=1, WEEKDAY(D23)=7), TEXT(D23, "dddd"), IF(COUNTIF(Reference!$A$13:$A$27, D23) > 0, "Holiday", TEXT(D23, "dddd"))) -> Friday | C23: =TEXT(D23,"dddd") -> Friday | D23: 46164 | I23: =IFERROR((G23/H23)*60, "") | P23: =IF(ISBLANK(E23), "", TRANSPOSE(INDIRECT(E23)))
A24: =WEEKNUM(D24,2) -> 21 | B24: =IF(OR(WEEKDAY(D24)=1, WEEKDAY(D24)=7), TEXT(D24, "dddd"), IF(COUNTIF(Reference!$A$13:$A$27, D24) > 0, "Holiday", TEXT(D24, "dddd"))) -> Saturday | C24: =TEXT(D24,"dddd") -> Saturday | D24: 46165 | I24: =IFERROR((G24/H24)*60, "") | P24: =IF(ISBLANK(E24), "", TRANSPOSE(INDIRECT(E24)))
A25: =WEEKNUM(D25,2) -> 21 | B25: =IF(OR(WEEKDAY(D25)=1, WEEKDAY(D25)=7), TEXT(D25, "dddd"), IF(COUNTIF(Reference!$A$13:$A$27, D25) > 0, "Holiday", TEXT(D25, "dddd"))) -> Sunday | C25: =TEXT(D25,"dddd") -> Sunday | D25: 46166 | I25: =IFERROR((G25/H25)*60, "") | P25: =IF(ISBLANK(E25), "", TRANSPOSE(INDIRECT(E25)))
A26: =WEEKNUM(D26,2) -> 22 | B26: =IF(OR(WEEKDAY(D26)=1, WEEKDAY(D26)=7), TEXT(D26, "dddd"), IF(COUNTIF(Reference!$A$13:$A$27, D26) > 0, "Holiday", TEXT(D26, "dddd"))) -> Holiday | C26: =TEXT(D26,"dddd") -> Monday | D26: 46167 | I26: =IFERROR((G26/H26)*60, "") | P26: =IF(ISBLANK(E26), "", TRANSPOSE(INDIRECT(E26)))
A27: =WEEKNUM(D27,2) -> 22 | B27: =IF(OR(WEEKDAY(D27)=1, WEEKDAY(D27)=7), TEXT(D27, "dddd"), IF(COUNTIF(Reference!$A$13:$A$27, D27) > 0, "Holiday", TEXT(D27, "dddd"))) -> Tuesday | C27: =TEXT(D27,"dddd") -> Tuesday | D27: 46168 | I27: =IFERROR((G27/H27)*60, "") | P27: =IF(ISBLANK(E27), "", TRANSPOSE(INDIRECT(E27)))
A28: =WEEKNUM(D28,2) -> 22 | B28: =IF(OR(WEEKDAY(D28)=1, WEEKDAY(D28)=7), TEXT(D28, "dddd"), IF(COUNTIF(Reference!$A$13:$A$27, D28) > 0, "Holiday", TEXT(D28, "dddd"))) -> Wednesday | C28: =TEXT(D28,"dddd") -> Wednesday | D28: 46169 | E28: Topology_Coding | F28: Switzerland | G28: 5 | H28: 35 | I28: =IFERROR((G28/H28)*60, "") -> 8.5714286 | P28: =IF(ISBLANK(E28), "", TRANSPOSE(INDIRECT(E28))) -> Netherlands | Q28: Norway | R28: Switzerland | S28: UK
A29: =WEEKNUM(D29,2) -> 22 | B29: =IF(OR(WEEKDAY(D29)=1, WEEKDAY(D29)=7), TEXT(D29, "dddd"), IF(COUNTIF(Reference!$A$13:$A$27, D29) > 0, "Holiday", TEXT(D29, "dddd"))) -> Thursday | C29: =TEXT(D29,"dddd") -> Thursday | D29: 46170 | E29: Topology_Coding | F29: Switzerland | G29: 5 | H29: 40 | I29: =IFERROR((G29/H29)*60, "") -> 7.5 | P29: =IF(ISBLANK(E29), "", TRANSPOSE(INDIRECT(E29))) -> Netherlands | Q29: Norway | R29: Switzerland | S29: UK
A30: =WEEKNUM(D30,2) -> 22 | B30: =IF(OR(WEEKDAY(D30)=1, WEEKDAY(D30)=7), TEXT(D30, "dddd"), IF(COUNTIF(Reference!$A$13:$A$27, D30) > 0, "Holiday", TEXT(D30, "dddd"))) -> Friday | C30: =TEXT(D30,"dddd") -> Friday | D30: 46171 | I30: =IFERROR((G30/H30)*60, "") | P30: =IF(ISBLANK(E30), "", TRANSPOSE(INDIRECT(E30)))
A31: =WEEKNUM(D31,2) -> 22 | B31: =IF(OR(WEEKDAY(D31)=1, WEEKDAY(D31)=7), TEXT(D31, "dddd"), IF(COUNTIF(Reference!$A$13:$A$27, D31) > 0, "Holiday", TEXT(D31, "dddd"))) -> Saturday | C31: =TEXT(D31,"dddd") -> Saturday | D31: 46172 | I31: =IFERROR((G31/H31)*60, "") | P31: =IF(ISBLANK(E31), "", TRANSPOSE(INDIRECT(E31)))
A32: =WEEKNUM(D32,2) -> 22 | B32: =IF(OR(WEEKDAY(D32)=1, WEEKDAY(D32)=7), TEXT(D32, "dddd"), IF(COUNTIF(Reference!$A$13:$A$27, D32) > 0, "Holiday", TEXT(D32, "dddd"))) -> Sunday | C32: =TEXT(D32,"dddd") -> Sunday | D32: 46173 | I32: =IFERROR((G32/H32)*60, "") | P32: =IF(ISBLANK(E32), "", TRANSPOSE(INDIRECT(E32)))
A33: =WEEKNUM(D33,2) -> 23 | B33: =IF(OR(WEEKDAY(D33)=1, WEEKDAY(D33)=7), TEXT(D33, "dddd"), IF(COUNTIF(Reference!$A$13:$A$27, D33) > 0, "Holiday", TEXT(D33, "dddd"))) -> Monday | C33: =TEXT(D33,"dddd") -> Monday | D33: 46174 | I33: =IFERROR((G33/H33)*60, "") | P33: =IF(ISBLANK(E33), "", TRANSPOSE(INDIRECT(E33)))
A34: =WEEKNUM(D34,2) -> 23 | B34: =IF(OR(WEEKDAY(D34)=1, WEEKDAY(D34)=7), TEXT(D34, "dddd"), IF(COUNTIF(Reference!$A$13:$A$27, D34) > 0, "Holiday", TEXT(D34, "dddd"))) -> Tuesday | C34: =TEXT(D34,"dddd") -> Tuesday | D34: 46175 | E34: Topology_Coding | F34: Switzerland | G34: 5 | H34: 48 | I34: =IFERROR((G34/H34)*60, "") -> 6.25 | P34: =IF(ISBLANK(E34), "", TRANSPOSE(INDIRECT(E34))) -> Netherlands | Q34: Norway | R34: Switzerland | S34: UK
A35: =WEEKNUM(D35,2) -> 23 | B35: =IF(OR(WEEKDAY(D35)=1, WEEKDAY(D35)=7), TEXT(D35, "dddd"), IF(COUNTIF(Reference!$A$13:$A$27, D35) > 0, "Holiday", TEXT(D35, "dddd"))) -> Wednesday | C35: =TEXT(D35,"dddd") -> Wednesday | D35: 46176 | E35: Topology_Coding | F35: Switzerland | G35: 5 | H35: 49 | I35: =IFERROR((G35/H35)*60, "") -> 6.122449 | P35: =IF(ISBLANK(E35), "", TRANSPOSE(INDIRECT(E35))) -> Netherlands | Q35: Norway | R35: Switzerland | S35: UK
A36: =WEEKNUM(D36,2) -> 23 | B36: =IF(OR(WEEKDAY(D36)=1, WEEKDAY(D36)=7), TEXT(D36, "dddd"), IF(COUNTIF(Reference!$A$13:$A$27, D36) > 0, "Holiday", TEXT(D36, "dddd"))) -> Holiday | C36: =TEXT(D36,"dddd") -> Thursday | D36: 46177 | I36: =IFERROR((G36/H36)*60, "") | P36: =IF(ISBLANK(E36), "", TRANSPOSE(INDIRECT(E36)))
A37: =WEEKNUM(D37,2) -> 23 | B37: =IF(OR(WEEKDAY(D37)=1, WEEKDAY(D37)=7), TEXT(D37, "dddd"), IF(COUNTIF(Reference!$A$13:$A$27, D37) > 0, "Holiday", TEXT(D37, "dddd"))) -> Friday | C37: =TEXT(D37,"dddd") -> Friday | D37: 46178 | I37: =IFERROR((G37/H37)*60, "") | P37: =IF(ISBLANK(E37), "", TRANSPOSE(INDIRECT(E37)))
A38: =WEEKNUM(D38,2) -> 23 | B38: =IF(OR(WEEKDAY(D38)=1, WEEKDAY(D38)=7), TEXT(D38, "dddd"), IF(COUNTIF(Reference!$A$13:$A$27, D38) > 0, "Holiday", TEXT(D38, "dddd"))) -> Saturday | C38: =TEXT(D38,"dddd") -> Saturday | D38: 46179 | I38: =IFERROR((G38/H38)*60, "") | P38: =IF(ISBLANK(E38), "", TRANSPOSE(INDIRECT(E38)))
A39: =WEEKNUM(D39,2) -> 23 | B39: =IF(OR(WEEKDAY(D39)=1, WEEKDAY(D39)=7), TEXT(D39, "dddd"), IF(COUNTIF(Reference!$A$13:$A$27, D39) > 0, "Holiday", TEXT(D39, "dddd"))) -> Sunday | C39: =TEXT(D39,"dddd") -> Sunday | D39: 46180 | I39: =IFERROR((G39/H39)*60, "") | P39: =IF(ISBLANK(E39), "", TRANSPOSE(INDIRECT(E39)))
A40: =WEEKNUM(D40,2) -> 24 | B40: =IF(OR(WEEKDAY(D40)=1, WEEKDAY(D40)=7), TEXT(D40, "dddd"), IF(COUNTIF(Reference!$A$13:$A$27, D40) > 0, "Holiday", TEXT(D40, "dddd"))) -> Monday | C40: =TEXT(D40,"dddd") -> Monday | D40: 46181 | I40: =IFERROR((G40/H40)*60, "") | P40: =IF(ISBLANK(E40), "", TRANSPOSE(INDIRECT(E40)))
A41: =WEEKNUM(D41,2) -> 24 | B41: =IF(OR(WEEKDAY(D41)=1, WEEKDAY(D41)=7), TEXT(D41, "dddd"), IF(COUNTIF(Reference!$A$13:$A$27, D41) > 0, "Holiday", TEXT(D41, "dddd"))) -> Tuesday | C41: =TEXT(D41,"dddd") -> Tuesday | D41: 46182 | I41: =IFERROR((G41/H41)*60, "") | P41: =IF(ISBLANK(E41), "", TRANSPOSE(INDIRECT(E41)))
A42: =WEEKNUM(D42,2) -> 24 | B42: =IF(OR(WEEKDAY(D42)=1, WEEKDAY(D42)=7), TEXT(D42, "dddd"), IF(COUNTIF(Reference!$A$13:$A$27, D42) > 0, "Holiday", TEXT(D42, "dddd"))) -> Wednesday | C42: =TEXT(D42,"dddd") -> Wednesday | D42: 46183 | E42: Topology_Coding | F42: Switzerland | G42: 5 | H42: 33 | I42: =IFERROR((G42/H42)*60, "") -> 9.0909091 | P42: =IF(ISBLANK(E42), "", TRANSPOSE(INDIRECT(E42))) -> Netherlands | Q42: Norway | R42: Switzerland | S42: UK
A43: =WEEKNUM(D43,2) -> 24 | B43: =IF(OR(WEEKDAY(D43)=1, WEEKDAY(D43)=7), TEXT(D43, "dddd"), IF(COUNTIF(Reference!$A$13:$A$27, D43) > 0, "Holiday", TEXT(D43, "dddd"))) -> Thursday | C43: =TEXT(D43,"dddd") -> Thursday | D43: 46184 | E43: Topology_Coding | F43: Norway | G43: 5 | H43: 40 | I43: =IFERROR((G43/H43)*60, "") -> 7.5 | P43: =IF(ISBLANK(E43), "", TRANSPOSE(INDIRECT(E43))) -> Netherlands | Q43: Norway | R43: Switzerland | S43: UK
A44: =WEEKNUM(D44,2) -> 24 | B44: =IF(OR(WEEKDAY(D44)=1, WEEKDAY(D44)=7), TEXT(D44, "dddd"), IF(COUNTIF(Reference!$A$13:$A$27, D44) > 0, "Holiday", TEXT(D44, "dddd"))) -> Friday | C44: =TEXT(D44,"dddd") -> Friday | D44: 46185 | I44: =IFERROR((G44/H44)*60, "") | P44: =IF(ISBLANK(E44), "", TRANSPOSE(INDIRECT(E44)))
A45: =WEEKNUM(D45,2) -> 24 | B45: =IF(OR(WEEKDAY(D45)=1, WEEKDAY(D45)=7), TEXT(D45, "dddd"), IF(COUNTIF(Reference!$A$13:$A$27, D45) > 0, "Holiday", TEXT(D45, "dddd"))) -> Saturday | C45: =TEXT(D45,"dddd") -> Saturday | D45: 46186 | I45: =IFERROR((G45/H45)*60, "") | P45: =IF(ISBLANK(E45), "", TRANSPOSE(INDIRECT(E45)))
A46: =WEEKNUM(D46,2) -> 24 | B46: =IF(OR(WEEKDAY(D46)=1, WEEKDAY(D46)=7), TEXT(D46, "dddd"), IF(COUNTIF(Reference!$A$13:$A$27, D46) > 0, "Holiday", TEXT(D46, "dddd"))) -> Sunday | C46: =TEXT(D46,"dddd") -> Sunday | D46: 46187 | I46: =IFERROR((G46/H46)*60, "") | P46: =IF(ISBLANK(E46), "", TRANSPOSE(INDIRECT(E46)))
A47: =WEEKNUM(D47,2) -> 25 | B47: =IF(OR(WEEKDAY(D47)=1, WEEKDAY(D47)=7), TEXT(D47, "dddd"), IF(COUNTIF(Reference!$A$13:$A$27, D47) > 0, "Holiday", TEXT(D47, "dddd"))) -> Monday | C47: =TEXT(D47,"dddd") -> Monday | D47: 46188 | I47: =IFERROR((G47/H47)*60, "") | P47: =IF(ISBLANK(E47), "", TRANSPOSE(INDIRECT(E47)))
A48: =WEEKNUM(D48,2) -> 25 | B48: =IF(OR(WEEKDAY(D48)=1, WEEKDAY(D48)=7), TEXT(D48, "dddd"), IF(COUNTIF(Reference!$A$13:$A$27, D48) > 0, "Holiday", TEXT(D48, "dddd"))) -> Tuesday | C48: =TEXT(D48,"dddd") -> Tuesday | D48: 46189 | I48: =IFERROR((G48/H48)*60, "") | P48: =IF(ISBLANK(E48), "", TRANSPOSE(INDIRECT(E48)))
A49: =WEEKNUM(D49,2) -> 25 | B49: =IF(OR(WEEKDAY(D49)=1, WEEKDAY(D49)=7), TEXT(D49, "dddd"), IF(COUNTIF(Reference!$A$13:$A$27, D49) > 0, "Holiday", TEXT(D49, "dddd"))) -> Wednesday | C49: =TEXT(D49,"dddd") -> Wednesday | D49: 46190 | E49: Topology_Coding | F49: Switzerland | G49: 5 | H49: 47 | I49: =IFERROR((G49/H49)*60, "") -> 6.3829787 | P49: =IF(ISBLANK(E49), "", TRANSPOSE(INDIRECT(E49))) -> Netherlands | Q49: Norway | R49: Switzerland | S49: UK
A50: =WEEKNUM(D50,2) -> 25 | B50: =IF(OR(WEEKDAY(D50)=1, WEEKDAY(D50)=7), TEXT(D50, "dddd"), IF(COUNTIF(Reference!$A$13:$A$27, D50) > 0, "Holiday", TEXT(D50, "dddd"))) -> Thursday | C50: =TEXT(D50,"dddd") -> Thursday | D50: 46191 | E50: Topology_Coding | F50: Switzerland | G50: 5 | H50: 33 | I50: =IFERROR((G50/H50)*60, "") -> 9.0909091 | P50: =IF(ISBLANK(E50), "", TRANSPOSE(INDIRECT(E50))) -> Netherlands | Q50: Norway | R50: Switzerland | S50: UK
A51: =WEEKNUM(D51,2) -> 25 | B51: =IF(OR(WEEKDAY(D51)=1, WEEKDAY(D51)=7), TEXT(D51, "dddd"), IF(COUNTIF(Reference!$A$13:$A$27, D51) > 0, "Holiday", TEXT(D51, "dddd"))) -> Friday | C51: =TEXT(D51,"dddd") -> Friday | D51: 46192 | I51: =IFERROR((G51/H51)*60, "") | P51: =IF(ISBLANK(E51), "", TRANSPOSE(INDIRECT(E51)))
A52: =WEEKNUM(D52,2) -> 25 | B52: =IF(OR(WEEKDAY(D52)=1, WEEKDAY(D52)=7), TEXT(D52, "dddd"), IF(COUNTIF(Reference!$A$13:$A$27, D52) > 0, "Holiday", TEXT(D52, "dddd"))) -> Saturday | C52: =TEXT(D52,"dddd") -> Saturday | D52: 46193 | I52: =IFERROR((G52/H52)*60, "") | P52: =IF(ISBLANK(E52), "", TRANSPOSE(INDIRECT(E52)))
A53: =WEEKNUM(D53,2) -> 25 | B53: =IF(OR(WEEKDAY(D53)=1, WEEKDAY(D53)=7), TEXT(D53, "dddd"), IF(COUNTIF(Reference!$A$13:$A$27, D53) > 0, "Holiday", TEXT(D53, "dddd"))) -> Sunday | C53: =TEXT(D53,"dddd") -> Sunday | D53: 46194 | I53: =IFERROR((G53/H53)*60, "") | P53: =IF(ISBLANK(E53), "", TRANSPOSE(INDIRECT(E53)))
A54: =WEEKNUM(D54,2) -> 26 | B54: =IF(OR(WEEKDAY(D54)=1, WEEKDAY(D54)=7), TEXT(D54, "dddd"), IF(COUNTIF(Reference!$A$13:$A$27, D54) > 0, "Holiday", TEXT(D54, "dddd"))) -> Monday | C54: =TEXT(D54,"dddd") -> Monday | D54: 46195 | I54: =IFERROR((G54/H54)*60, "") | P54: =IF(ISBLANK(E54), "", TRANSPOSE(INDIRECT(E54)))
A55: =WEEKNUM(D55,2) -> 26 | B55: =IF(OR(WEEKDAY(D55)=1, WEEKDAY(D55)=7), TEXT(D55, "dddd"), IF(COUNTIF(Reference!$A$13:$A$27, D55) > 0, "Holiday", TEXT(D55, "dddd"))) -> Tuesday | C55: =TEXT(D55,"dddd") -> Tuesday | D55: 46196 | I55: =IFERROR((G55/H55)*60, "") | P55: =IF(ISBLANK(E55), "", TRANSPOSE(INDIRECT(E55)))
A56: =WEEKNUM(D56,2) -> 26 | B56: =IF(OR(WEEKDAY(D56)=1, WEEKDAY(D56)=7), TEXT(D56, "dddd"), IF(COUNTIF(Reference!$A$13:$A$27, D56) > 0, "Holiday", TEXT(D56, "dddd"))) -> Wednesday | C56: =TEXT(D56,"dddd") -> Wednesday | D56: 46197 | I56: =IFERROR((G56/H56)*60, "") | P56: =IF(ISBLANK(E56), "", TRANSPOSE(INDIRECT(E56)))
A57: =WEEKNUM(D57,2) -> 26 | B57: =IF(OR(WEEKDAY(D57)=1, WEEKDAY(D57)=7), TEXT(D57, "dddd"), IF(COUNTIF(Reference!$A$13:$A$27, D57) > 0, "Holiday", TEXT(D57, "dddd"))) -> Thursday | C57: =TEXT(D57,"dddd") -> Thursday | D57: 46198 | I57: =IFERROR((G57/H57)*60, "") | P57: =IF(ISBLANK(E57), "", TRANSPOSE(INDIRECT(E57)))
A58: =WEEKNUM(D58,2) -> 26 | B58: =IF(OR(WEEKDAY(D58)=1, WEEKDAY(D58)=7), TEXT(D58, "dddd"), IF(COUNTIF(Reference!$A$13:$A$27, D58) > 0, "Holiday", TEXT(D58, "dddd"))) -> Friday | C58: =TEXT(D58,"dddd") -> Friday | D58: 46199 | I58: =IFERROR((G58/H58)*60, "") | P58: =IF(ISBLANK(E58), "", TRANSPOSE(INDIRECT(E58)))
A59: =WEEKNUM(D59,2) -> 26 | B59: =IF(OR(WEEKDAY(D59)=1, WEEKDAY(D59)=7), TEXT(D59, "dddd"), IF(COUNTIF(Reference!$A$13:$A$27, D59) > 0, "Holiday", TEXT(D59, "dddd"))) -> Saturday | C59: =TEXT(D59,"dddd") -> Saturday | D59: 46200 | I59: =IFERROR((G59/H59)*60, "") | P59: =IF(ISBLANK(E59), "", TRANSPOSE(INDIRECT(E59)))
A60: =WEEKNUM(D60,2) -> 26 | B60: =IF(OR(WEEKDAY(D60)=1, WEEKDAY(D60)=7), TEXT(D60, "dddd"), IF(COUNTIF(Reference!$A$13:$A$27, D60) > 0, "Holiday", TEXT(D60, "dddd"))) -> Sunday | C60: =TEXT(D60,"dddd") -> Sunday | D60: 46201 | I60: =IFERROR((G60/H60)*60, "") | P60: =IF(ISBLANK(E60), "", TRANSPOSE(INDIRECT(E60)))
A61: =WEEKNUM(D61,2) -> 27 | B61: =IF(OR(WEEKDAY(D61)=1, WEEKDAY(D61)=7), TEXT(D61, "dddd"), IF(COUNTIF(Reference!$A$13:$A$27, D61) > 0, "Holiday", TEXT(D61, "dddd"))) -> Monday | C61: =TEXT(D61,"dddd") -> Monday | D61: 46202 | I61: =IFERROR((G61/H61)*60, "") | P61: =IF(ISBLANK(E61), "", TRANSPOSE(INDIRECT(E61)))
A62: =WEEKNUM(D62,2) -> 27 | B62: =IF(OR(WEEKDAY(D62)=1, WEEKDAY(D62)=7), TEXT(D62, "dddd"), IF(COUNTIF(Reference!$A$13:$A$27, D62) > 0, "Holiday", TEXT(D62, "dddd"))) -> Tuesday | C62: =TEXT(D62,"dddd") -> Tuesday | D62: 46203 | I62: =IFERROR((G62/H62)*60, "") | P62: =IF(ISBLANK(E62), "", TRANSPOSE(INDIRECT(E62)))
... A246: =WEEKNUM(D246,2) -> 53 | B246: =IF(OR(WEEKDAY(D246)=1, WEEKDAY(D246)=7), TEXT(D246, "dddd"), IF(COUNTIF(Reference!$A$13:$A$27, D246) > 0, "Holiday", TEXT(D246, "dddd"))) -> Holiday | C246: =TEXT(D246,"dddd") -> Thursday | D246: 46387 | I246: =IFERROR((G246/H246)*60, "") | P246: =IF(ISBLANK(E246), "", TRANSPOSE(INDIRECT(E246)))

Sheet Sohaib
A1: KW | B1: Holiday OR Weekend | C1: Day | D1: Date | E1: Project | F1: Task | G1: Duration (Hrs) | H1: # of Signals | I1: Time per Signal (mins) | J1: Notes
A2: =WEEKNUM(D2,2) -> 18 | B2: =IF(OR(WEEKDAY(D2)=1, WEEKDAY(D2)=7), TEXT(D2, "dddd"), IF(COUNTIF(Reference!$A$13:$A$27, D2) > 0, "Holiday", TEXT(D2, "dddd"))) -> Holiday | C2: =TEXT(D2,"dddd") -> Friday | D2: 46143 | P2: =IF(ISBLANK(E2), "", TRANSPOSE(INDIRECT(E2)))
A3: =WEEKNUM(D3,2) -> 18 | B3: =IF(OR(WEEKDAY(D3)=1, WEEKDAY(D3)=7), TEXT(D3, "dddd"), IF(COUNTIF(Reference!$A$13:$A$27, D3) > 0, "Holiday", TEXT(D3, "dddd"))) -> Saturday | C3: =TEXT(D3,"dddd") -> Saturday | D3: 46144 | I3: =IFERROR((G3/H3)*60, "") | P3: =IF(ISBLANK(E3), "", TRANSPOSE(INDIRECT(E3)))
A4: =WEEKNUM(D4,2) -> 18 | B4: =IF(OR(WEEKDAY(D4)=1, WEEKDAY(D4)=7), TEXT(D4, "dddd"), IF(COUNTIF(Reference!$A$13:$A$27, D4) > 0, "Holiday", TEXT(D4, "dddd"))) -> Sunday | C4: =TEXT(D4,"dddd") -> Sunday | D4: 46145 | I4: =IFERROR((G4/H4)*60, "") | P4: =IF(ISBLANK(E4), "", TRANSPOSE(INDIRECT(E4)))
A5: =WEEKNUM(D5,2) -> 19 | B5: =IF(OR(WEEKDAY(D5)=1, WEEKDAY(D5)=7), TEXT(D5, "dddd"), IF(COUNTIF(Reference!$A$13:$A$27, D5) > 0, "Holiday", TEXT(D5, "dddd"))) -> Monday | C5: =TEXT(D5,"dddd") -> Monday | D5: 46146 | E5: Topology_Coding | F5: UK | G5: 10 | P5: =IF(ISBLANK(E5), "", TRANSPOSE(INDIRECT(E5))) -> Netherlands | Q5: Norway | R5: Switzerland | S5: UK
A6: =WEEKNUM(D6,2) -> 19 | B6: =IF(OR(WEEKDAY(D6)=1, WEEKDAY(D6)=7), TEXT(D6, "dddd"), IF(COUNTIF(Reference!$A$13:$A$27, D6) > 0, "Holiday", TEXT(D6, "dddd"))) -> Tuesday | C6: =TEXT(D6,"dddd") -> Tuesday | D6: 46147 | I6: =IFERROR((G6/H6)*60, "") | P6: =IF(ISBLANK(E6), "", TRANSPOSE(INDIRECT(E6)))
A7: =WEEKNUM(D7,2) -> 19 | B7: =IF(OR(WEEKDAY(D7)=1, WEEKDAY(D7)=7), TEXT(D7, "dddd"), IF(COUNTIF(Reference!$A$13:$A$27, D7) > 0, "Holiday", TEXT(D7, "dddd"))) -> Wednesday | C7: =TEXT(D7,"dddd") -> Wednesday | D7: 46148 | I7: =IFERROR((G7/H7)*60, "") | P7: =IF(ISBLANK(E7), "", TRANSPOSE(INDIRECT(E7)))
A8: =WEEKNUM(D8,2) -> 19 | B8: =IF(OR(WEEKDAY(D8)=1, WEEKDAY(D8)=7), TEXT(D8, "dddd"), IF(COUNTIF(Reference!$A$13:$A$27, D8) > 0, "Holiday", TEXT(D8, "dddd"))) -> Thursday | C8: =TEXT(D8,"dddd") -> Thursday | D8: 46149 | E8: Topology_Coding | F8: UK | G8: 10 | I8: =IFERROR((G8/H8)*60, "") | P8: =IF(ISBLANK(E8), "", TRANSPOSE(INDIRECT(E8))) -> Netherlands | Q8: Norway | R8: Switzerland | S8: UK
A9: =WEEKNUM(D9,2) -> 19 | B9: =IF(OR(WEEKDAY(D9)=1, WEEKDAY(D9)=7), TEXT(D9, "dddd"), IF(COUNTIF(Reference!$A$13:$A$27, D9) > 0, "Holiday", TEXT(D9, "dddd"))) -> Friday | C9: =TEXT(D9,"dddd") -> Friday | D9: 46150 | I9: =IFERROR((G9/H9)*60, "") | P9: =IF(ISBLANK(E9), "", TRANSPOSE(INDIRECT(E9)))
A10: =WEEKNUM(D10,2) -> 19 | B10: =IF(OR(WEEKDAY(D10)=1, WEEKDAY(D10)=7), TEXT(D10, "dddd"), IF(COUNTIF(Reference!$A$13:$A$27, D10) > 0, "Holiday", TEXT(D10, "dddd"))) -> Saturday | C10: =TEXT(D10,"dddd") -> Saturday | D10: 46151 | I10: =IFERROR((G10/H10)*60, "") | P10: =IF(ISBLANK(E10), "", TRANSPOSE(INDIRECT(E10)))
A11: =WEEKNUM(D11,2) -> 19 | B11: =IF(OR(WEEKDAY(D11)=1, WEEKDAY(D11)=7), TEXT(D11, "dddd"), IF(COUNTIF(Reference!$A$13:$A$27, D11) > 0, "Holiday", TEXT(D11, "dddd"))) -> Sunday | C11: =TEXT(D11,"dddd") -> Sunday | D11: 46152 | I11: =IFERROR((G11/H11)*60, "") | P11: =IF(ISBLANK(E11), "", TRANSPOSE(INDIRECT(E11)))
A12: =WEEKNUM(D12,2) -> 20 | B12: =IF(OR(WEEKDAY(D12)=1, WEEKDAY(D12)=7), TEXT(D12, "dddd"), IF(COUNTIF(Reference!$A$13:$A$27, D12) > 0, "Holiday", TEXT(D12, "dddd"))) -> Monday | C12: =TEXT(D12,"dddd") -> Monday | D12: 46153 | I12: =IFERROR((G12/H12)*60, "") | P12: =IF(ISBLANK(E12), "", TRANSPOSE(INDIRECT(E12)))
A13: =WEEKNUM(D13,2) -> 20 | B13: =IF(OR(WEEKDAY(D13)=1, WEEKDAY(D13)=7), TEXT(D13, "dddd"), IF(COUNTIF(Reference!$A$13:$A$27, D13) > 0, "Holiday", TEXT(D13, "dddd"))) -> Tuesday | C13: =TEXT(D13,"dddd") -> Tuesday | D13: 46154 | E13: Manual_TPfC | F13: TPfC Phase 3 | G13: 10 | H13: 19 | I13: =IFERROR((G13/H13)*60, "") -> 31.578947 | P13: =IF(ISBLANK(E13), "", TRANSPOSE(INDIRECT(E13))) -> TPfC Phase 3 | Q13: TPfC Phase 4
A14: =WEEKNUM(D14,2) -> 20 | B14: =IF(OR(WEEKDAY(D14)=1, WEEKDAY(D14)=7), TEXT(D14, "dddd"), IF(COUNTIF(Reference!$A$13:$A$27, D14) > 0, "Holiday", TEXT(D14, "dddd"))) -> Wednesday | C14: =TEXT(D14,"dddd") -> Wednesday | D14: 46155 | I14: =IFERROR((G14/H14)*60, "") | P14: =IF(ISBLANK(E14), "", TRANSPOSE(INDIRECT(E14)))
A15: =WEEKNUM(D15,2) -> 20 | B15: =IF(OR(WEEKDAY(D15)=1, WEEKDAY(D15)=7), TEXT(D15, "dddd"), IF(COUNTIF(Reference!$A$13:$A$27, D15) > 0, "Holiday", TEXT(D15, "dddd"))) -> Holiday | C15: =TEXT(D15,"dddd") -> Thursday | D15: 46156 | E15: Manual_TPfC | F15: TPfC Phase 3 | G15: 10 | H15: 19 | I15: =IFERROR((G15/H15)*60, "") -> 31.578947 | P15: =IF(ISBLANK(E15), "", TRANSPOSE(INDIRECT(E15))) -> TPfC Phase 3 | Q15: TPfC Phase 4
A16: =WEEKNUM(D16,2) -> 20 | B16: =IF(OR(WEEKDAY(D16)=1, WEEKDAY(D16)=7), TEXT(D16, "dddd"), IF(COUNTIF(Reference!$A$13:$A$27, D16) > 0, "Holiday", TEXT(D16, "dddd"))) -> Friday | C16: =TEXT(D16,"dddd") -> Friday | D16: 46157 | I16: =IFERROR((G16/H16)*60, "") | P16: =IF(ISBLANK(E16), "", TRANSPOSE(INDIRECT(E16)))
A17: =WEEKNUM(D17,2) -> 20 | B17: =IF(OR(WEEKDAY(D17)=1, WEEKDAY(D17)=7), TEXT(D17, "dddd"), IF(COUNTIF(Reference!$A$13:$A$27, D17) > 0, "Holiday", TEXT(D17, "dddd"))) -> Saturday | C17: =TEXT(D17,"dddd") -> Saturday | D17: 46158 | I17: =IFERROR((G17/H17)*60, "") | P17: =IF(ISBLANK(E17), "", TRANSPOSE(INDIRECT(E17)))
A18: =WEEKNUM(D18,2) -> 20 | B18: =IF(OR(WEEKDAY(D18)=1, WEEKDAY(D18)=7), TEXT(D18, "dddd"), IF(COUNTIF(Reference!$A$13:$A$27, D18) > 0, "Holiday", TEXT(D18, "dddd"))) -> Sunday | C18: =TEXT(D18,"dddd") -> Sunday | D18: 46159 | I18: =IFERROR((G18/H18)*60, "") | P18: =IF(ISBLANK(E18), "", TRANSPOSE(INDIRECT(E18)))
A19: =WEEKNUM(D19,2) -> 21 | B19: =IF(OR(WEEKDAY(D19)=1, WEEKDAY(D19)=7), TEXT(D19, "dddd"), IF(COUNTIF(Reference!$A$13:$A$27, D19) > 0, "Holiday", TEXT(D19, "dddd"))) -> Monday | C19: =TEXT(D19,"dddd") -> Monday | D19: 46160 | I19: =IFERROR((G19/H19)*60, "") | P19: =IF(ISBLANK(E19), "", TRANSPOSE(INDIRECT(E19)))
A20: =WEEKNUM(D20,2) -> 21 | B20: =IF(OR(WEEKDAY(D20)=1, WEEKDAY(D20)=7), TEXT(D20, "dddd"), IF(COUNTIF(Reference!$A$13:$A$27, D20) > 0, "Holiday", TEXT(D20, "dddd"))) -> Tuesday | C20: =TEXT(D20,"dddd") -> Tuesday | D20: 46161 | I20: =IFERROR((G20/H20)*60, "") | P20: =IF(ISBLANK(E20), "", TRANSPOSE(INDIRECT(E20)))
A21: =WEEKNUM(D21,2) -> 21 | B21: =IF(OR(WEEKDAY(D21)=1, WEEKDAY(D21)=7), TEXT(D21, "dddd"), IF(COUNTIF(Reference!$A$13:$A$27, D21) > 0, "Holiday", TEXT(D21, "dddd"))) -> Wednesday | C21: =TEXT(D21,"dddd") -> Wednesday | D21: 46162 | I21: =IFERROR((G21/H21)*60, "") | P21: =IF(ISBLANK(E21), "", TRANSPOSE(INDIRECT(E21)))
A22: =WEEKNUM(D22,2) -> 21 | B22: =IF(OR(WEEKDAY(D22)=1, WEEKDAY(D22)=7), TEXT(D22, "dddd"), IF(COUNTIF(Reference!$A$13:$A$27, D22) > 0, "Holiday", TEXT(D22, "dddd"))) -> Thursday | C22: =TEXT(D22,"dddd") -> Thursday | D22: 46163 | E22: Manual_TPfC | F22: TPfC Phase 3 | G22: 10 | H22: 19 | I22: =IFERROR((G22/H22)*60, "") -> 31.578947 | P22: =IF(ISBLANK(E22), "", TRANSPOSE(INDIRECT(E22))) -> TPfC Phase 3 | Q22: TPfC Phase 4
A23: =WEEKNUM(D23,2) -> 21 | B23: =IF(OR(WEEKDAY(D23)=1, WEEKDAY(D23)=7), TEXT(D23, "dddd"), IF(COUNTIF(Reference!$A$13:$A$27, D23) > 0, "Holiday", TEXT(D23, "dddd"))) -> Friday | C23: =TEXT(D23,"dddd") -> Friday | D23: 46164 | E23: Manual_TPfC | F23: TPfC Phase 3 | G23: 10 | H23: 18 | I23: =IFERROR((G23/H23)*60, "") -> 33.333333 | P23: =IF(ISBLANK(E23), "", TRANSPOSE(INDIRECT(E23))) -> TPfC Phase 3 | Q23: TPfC Phase 4
A24: =WEEKNUM(D24,2) -> 21 | B24: =IF(OR(WEEKDAY(D24)=1, WEEKDAY(D24)=7), TEXT(D24, "dddd"), IF(COUNTIF(Reference!$A$13:$A$27, D24) > 0, "Holiday", TEXT(D24, "dddd"))) -> Saturday | C24: =TEXT(D24,"dddd") -> Saturday | D24: 46165 | I24: =IFERROR((G24/H24)*60, "") | P24: =IF(ISBLANK(E24), "", TRANSPOSE(INDIRECT(E24)))
A25: =WEEKNUM(D25,2) -> 21 | B25: =IF(OR(WEEKDAY(D25)=1, WEEKDAY(D25)=7), TEXT(D25, "dddd"), IF(COUNTIF(Reference!$A$13:$A$27, D25) > 0, "Holiday", TEXT(D25, "dddd"))) -> Sunday | C25: =TEXT(D25,"dddd") -> Sunday | D25: 46166 | I25: =IFERROR((G25/H25)*60, "") | P25: =IF(ISBLANK(E25), "", TRANSPOSE(INDIRECT(E25)))
A26: =WEEKNUM(D26,2) -> 22 | B26: =IF(OR(WEEKDAY(D26)=1, WEEKDAY(D26)=7), TEXT(D26, "dddd"), IF(COUNTIF(Reference!$A$13:$A$27, D26) > 0, "Holiday", TEXT(D26, "dddd"))) -> Holiday | C26: =TEXT(D26,"dddd") -> Monday | D26: 46167 | I26: =IFERROR((G26/H26)*60, "") | P26: =IF(ISBLANK(E26), "", TRANSPOSE(INDIRECT(E26)))
A27: =WEEKNUM(D27,2) -> 22 | B27: =IF(OR(WEEKDAY(D27)=1, WEEKDAY(D27)=7), TEXT(D27, "dddd"), IF(COUNTIF(Reference!$A$13:$A$27, D27) > 0, "Holiday", TEXT(D27, "dddd"))) -> Tuesday | C27: =TEXT(D27,"dddd") -> Tuesday | D27: 46168 | E27: Manual_TPfC | F27: TPfC Phase 3 | G27: 10 | H27: 45 | I27: =IFERROR((G27/H27)*60, "") -> 13.333333 | P27: =IF(ISBLANK(E27), "", TRANSPOSE(INDIRECT(E27))) -> TPfC Phase 3 | Q27: TPfC Phase 4
A28: =WEEKNUM(D28,2) -> 22 | B28: =IF(OR(WEEKDAY(D28)=1, WEEKDAY(D28)=7), TEXT(D28, "dddd"), IF(COUNTIF(Reference!$A$13:$A$27, D28) > 0, "Holiday", TEXT(D28, "dddd"))) -> Wednesday | C28: =TEXT(D28,"dddd") -> Wednesday | D28: 46169 | I28: =IFERROR((G28/H28)*60, "") | P28: =IF(ISBLANK(E28), "", TRANSPOSE(INDIRECT(E28)))
A29: =WEEKNUM(D29,2) -> 22 | B29: =IF(OR(WEEKDAY(D29)=1, WEEKDAY(D29)=7), TEXT(D29, "dddd"), IF(COUNTIF(Reference!$A$13:$A$27, D29) > 0, "Holiday", TEXT(D29, "dddd"))) -> Thursday | C29: =TEXT(D29,"dddd") -> Thursday | D29: 46170 | E29: Manual_TPfC | F29: TPfC Phase 3 | G29: 10 | H29: 45 | I29: =IFERROR((G29/H29)*60, "") -> 13.333333 | P29: =IF(ISBLANK(E29), "", TRANSPOSE(INDIRECT(E29))) -> TPfC Phase 3 | Q29: TPfC Phase 4
A30: =WEEKNUM(D30,2) -> 22 | B30: =IF(OR(WEEKDAY(D30)=1, WEEKDAY(D30)=7), TEXT(D30, "dddd"), IF(COUNTIF(Reference!$A$13:$A$27, D30) > 0, "Holiday", TEXT(D30, "dddd"))) -> Friday | C30: =TEXT(D30,"dddd") -> Friday | D30: 46171 | I30: =IFERROR((G30/H30)*60, "") | P30: =IF(ISBLANK(E30), "", TRANSPOSE(INDIRECT(E30)))
A31: =WEEKNUM(D31,2) -> 22 | B31: =IF(OR(WEEKDAY(D31)=1, WEEKDAY(D31)=7), TEXT(D31, "dddd"), IF(COUNTIF(Reference!$A$13:$A$27, D31) > 0, "Holiday", TEXT(D31, "dddd"))) -> Saturday | C31: =TEXT(D31,"dddd") -> Saturday | D31: 46172 | I31: =IFERROR((G31/H31)*60, "") | P31: =IF(ISBLANK(E31), "", TRANSPOSE(INDIRECT(E31)))
A32: =WEEKNUM(D32,2) -> 22 | B32: =IF(OR(WEEKDAY(D32)=1, WEEKDAY(D32)=7), TEXT(D32, "dddd"), IF(COUNTIF(Reference!$A$13:$A$27, D32) > 0, "Holiday", TEXT(D32, "dddd"))) -> Sunday | C32: =TEXT(D32,"dddd") -> Sunday | D32: 46173 | I32: =IFERROR((G32/H32)*60, "") | P32: =IF(ISBLANK(E32), "", TRANSPOSE(INDIRECT(E32)))
A33: =WEEKNUM(D33,2) -> 23 | B33: =IF(OR(WEEKDAY(D33)=1, WEEKDAY(D33)=7), TEXT(D33, "dddd"), IF(COUNTIF(Reference!$A$13:$A$27, D33) > 0, "Holiday", TEXT(D33, "dddd"))) -> Monday | C33: =TEXT(D33,"dddd") -> Monday | D33: 46174 | I33: =IFERROR((G33/H33)*60, "") | P33: =IF(ISBLANK(E33), "", TRANSPOSE(INDIRECT(E33)))
A34: =WEEKNUM(D34,2) -> 23 | B34: =IF(OR(WEEKDAY(D34)=1, WEEKDAY(D34)=7), TEXT(D34, "dddd"), IF(COUNTIF(Reference!$A$13:$A$27, D34) > 0, "Holiday", TEXT(D34, "dddd"))) -> Tuesday | C34: =TEXT(D34,"dddd") -> Tuesday | D34: 46175 | E34: Manual_TPfC | F34: TPfC Phase 3 | G34: 4 | H34: 18 | I34: =IFERROR((G34/H34)*60, "") -> 13.333333 | P34: =IF(ISBLANK(E34), "", TRANSPOSE(INDIRECT(E34))) -> TPfC Phase 3 | Q34: TPfC Phase 4
A35: =WEEKNUM(D35,2) -> 23 | B35: =IF(OR(WEEKDAY(D35)=1, WEEKDAY(D35)=7), TEXT(D35, "dddd"), IF(COUNTIF(Reference!$A$13:$A$27, D35) > 0, "Holiday", TEXT(D35, "dddd"))) -> Wednesday | C35: =TEXT(D35,"dddd") -> Wednesday | D35: 46176 | I35: =IFERROR((G35/H35)*60, "") | P35: =IF(ISBLANK(E35), "", TRANSPOSE(INDIRECT(E35)))
A36: =WEEKNUM(D36,2) -> 23 | B36: =IF(OR(WEEKDAY(D36)=1, WEEKDAY(D36)=7), TEXT(D36, "dddd"), IF(COUNTIF(Reference!$A$13:$A$27, D36) > 0, "Holiday", TEXT(D36, "dddd"))) -> Holiday | C36: =TEXT(D36,"dddd") -> Thursday | D36: 46177 | E36: Manual_TPfC | F36: TPfC Phase 3 | G36: 8 | H36: 37 | I36: =IFERROR((G36/H36)*60, "") -> 12.972973 | P36: =IF(ISBLANK(E36), "", TRANSPOSE(INDIRECT(E36))) -> TPfC Phase 3 | Q36: TPfC Phase 4
A37: =WEEKNUM(D37,2) -> 23 | B37: =IF(OR(WEEKDAY(D37)=1, WEEKDAY(D37)=7), TEXT(D37, "dddd"), IF(COUNTIF(Reference!$A$13:$A$27, D37) > 0, "Holiday", TEXT(D37, "dddd"))) -> Friday | C37: =TEXT(D37,"dddd") -> Friday | D37: 46178 | E37: Manual_TPfC | F37: TPfC Phase 3 | G37: 8 | H37: 38 | I37: =IFERROR((G37/H37)*60, "") -> 12.631579 | P37: =IF(ISBLANK(E37), "", TRANSPOSE(INDIRECT(E37))) -> TPfC Phase 3 | Q37: TPfC Phase 4
A38: =WEEKNUM(D38,2) -> 23 | B38: =IF(OR(WEEKDAY(D38)=1, WEEKDAY(D38)=7), TEXT(D38, "dddd"), IF(COUNTIF(Reference!$A$13:$A$27, D38) > 0, "Holiday", TEXT(D38, "dddd"))) -> Saturday | C38: =TEXT(D38,"dddd") -> Saturday | D38: 46179 | I38: =IFERROR((G38/H38)*60, "") | P38: =IF(ISBLANK(E38), "", TRANSPOSE(INDIRECT(E38)))
A39: =WEEKNUM(D39,2) -> 23 | B39: =IF(OR(WEEKDAY(D39)=1, WEEKDAY(D39)=7), TEXT(D39, "dddd"), IF(COUNTIF(Reference!$A$13:$A$27, D39) > 0, "Holiday", TEXT(D39, "dddd"))) -> Sunday | C39: =TEXT(D39,"dddd") -> Sunday | D39: 46180 | I39: =IFERROR((G39/H39)*60, "") | P39: =IF(ISBLANK(E39), "", TRANSPOSE(INDIRECT(E39)))
A40: =WEEKNUM(D40,2) -> 24 | B40: =IF(OR(WEEKDAY(D40)=1, WEEKDAY(D40)=7), TEXT(D40, "dddd"), IF(COUNTIF(Reference!$A$13:$A$27, D40) > 0, "Holiday", TEXT(D40, "dddd"))) -> Monday | C40: =TEXT(D40,"dddd") -> Monday | D40: 46181 | I40: =IFERROR((G40/H40)*60, "") | P40: =IF(ISBLANK(E40), "", TRANSPOSE(INDIRECT(E40)))
A41: =WEEKNUM(D41,2) -> 24 | B41: =IF(OR(WEEKDAY(D41)=1, WEEKDAY(D41)=7), TEXT(D41, "dddd"), IF(COUNTIF(Reference!$A$13:$A$27, D41) > 0, "Holiday", TEXT(D41, "dddd"))) -> Tuesday | C41: =TEXT(D41,"dddd") -> Tuesday | D41: 46182 | E41: Manual_TPfC | F41: TPfC Phase 3 | G41: 4 | H41: 7 | I41: =IFERROR((G41/H41)*60, "") -> 34.285714 | P41: =IF(ISBLANK(E41), "", TRANSPOSE(INDIRECT(E41))) -> TPfC Phase 3 | Q41: TPfC Phase 4
A42: =WEEKNUM(D42,2) -> 24 | B42: =IF(OR(WEEKDAY(D42)=1, WEEKDAY(D42)=7), TEXT(D42, "dddd"), IF(COUNTIF(Reference!$A$13:$A$27, D42) > 0, "Holiday", TEXT(D42, "dddd"))) -> Wednesday | C42: =TEXT(D42,"dddd") -> Wednesday | D42: 46183 | I42: =IFERROR((G42/H42)*60, "") | P42: =IF(ISBLANK(E42), "", TRANSPOSE(INDIRECT(E42)))
A43: =WEEKNUM(D43,2) -> 24 | B43: =IF(OR(WEEKDAY(D43)=1, WEEKDAY(D43)=7), TEXT(D43, "dddd"), IF(COUNTIF(Reference!$A$13:$A$27, D43) > 0, "Holiday", TEXT(D43, "dddd"))) -> Thursday | C43: =TEXT(D43,"dddd") -> Thursday | D43: 46184 | E43: Manual_TPfC | F43: TPfC Phase 3 | G43: 8 | H43: 15 | I43: =IFERROR((G43/H43)*60, "") -> 32 | P43: =IF(ISBLANK(E43), "", TRANSPOSE(INDIRECT(E43))) -> TPfC Phase 3 | Q43: TPfC Phase 4
A44: =WEEKNUM(D44,2) -> 24 | B44: =IF(OR(WEEKDAY(D44)=1, WEEKDAY(D44)=7), TEXT(D44, "dddd"), IF(COUNTIF(Reference!$A$13:$A$27, D44) > 0, "Holiday", TEXT(D44, "dddd"))) -> Friday | C44: =TEXT(D44,"dddd") -> Friday | D44: 46185 | E44: Manual_TPfC | F44: TPfC Phase 3 | G44: 8 | H44: 14 | I44: =IFERROR((G44/H44)*60, "") -> 34.285714 | P44: =IF(ISBLANK(E44), "", TRANSPOSE(INDIRECT(E44))) -> TPfC Phase 3 | Q44: TPfC Phase 4
A45: =WEEKNUM(D45,2) -> 24 | B45: =IF(OR(WEEKDAY(D45)=1, WEEKDAY(D45)=7), TEXT(D45, "dddd"), IF(COUNTIF(Reference!$A$13:$A$27, D45) > 0, "Holiday", TEXT(D45, "dddd"))) -> Saturday | C45: =TEXT(D45,"dddd") -> Saturday | D45: 46186 | I45: =IFERROR((G45/H45)*60, "") | P45: =IF(ISBLANK(E45), "", TRANSPOSE(INDIRECT(E45)))
A46: =WEEKNUM(D46,2) -> 24 | B46: =IF(OR(WEEKDAY(D46)=1, WEEKDAY(D46)=7), TEXT(D46, "dddd"), IF(COUNTIF(Reference!$A$13:$A$27, D46) > 0, "Holiday", TEXT(D46, "dddd"))) -> Sunday | C46: =TEXT(D46,"dddd") -> Sunday | D46: 46187 | I46: =IFERROR((G46/H46)*60, "") | P46: =IF(ISBLANK(E46), "", TRANSPOSE(INDIRECT(E46)))
A47: =WEEKNUM(D47,2) -> 25 | B47: =IF(OR(WEEKDAY(D47)=1, WEEKDAY(D47)=7), TEXT(D47, "dddd"), IF(COUNTIF(Reference!$A$13:$A$27, D47) > 0, "Holiday", TEXT(D47, "dddd"))) -> Monday | C47: =TEXT(D47,"dddd") -> Monday | D47: 46188 | I47: =IFERROR((G47/H47)*60, "") | P47: =IF(ISBLANK(E47), "", TRANSPOSE(INDIRECT(E47)))
A48: =WEEKNUM(D48,2) -> 25 | B48: =IF(OR(WEEKDAY(D48)=1, WEEKDAY(D48)=7), TEXT(D48, "dddd"), IF(COUNTIF(Reference!$A$13:$A$27, D48) > 0, "Holiday", TEXT(D48, "dddd"))) -> Tuesday | C48: =TEXT(D48,"dddd") -> Tuesday | D48: 46189 | I48: =IFERROR((G48/H48)*60, "") | P48: =IF(ISBLANK(E48), "", TRANSPOSE(INDIRECT(E48)))
A49: =WEEKNUM(D49,2) -> 25 | B49: =IF(OR(WEEKDAY(D49)=1, WEEKDAY(D49)=7), TEXT(D49, "dddd"), IF(COUNTIF(Reference!$A$13:$A$27, D49) > 0, "Holiday", TEXT(D49, "dddd"))) -> Wednesday | C49: =TEXT(D49,"dddd") -> Wednesday | D49: 46190 | E49: Topology_Coding | F49: Switzerland | G49: 4 | I49: =IFERROR((G49/H49)*60, "") | P49: =IF(ISBLANK(E49), "", TRANSPOSE(INDIRECT(E49))) -> Netherlands | Q49: Norway | R49: Switzerland | S49: UK
A50: =WEEKNUM(D50,2) -> 25 | B50: =IF(OR(WEEKDAY(D50)=1, WEEKDAY(D50)=7), TEXT(D50, "dddd"), IF(COUNTIF(Reference!$A$13:$A$27, D50) > 0, "Holiday", TEXT(D50, "dddd"))) -> Thursday | C50: =TEXT(D50,"dddd") -> Thursday | D50: 46191 | E50: Topology_Coding | F50: Switzerland | G50: 8 | I50: =IFERROR((G50/H50)*60, "") | P50: =IF(ISBLANK(E50), "", TRANSPOSE(INDIRECT(E50))) -> Netherlands | Q50: Norway | R50: Switzerland | S50: UK
A51: =WEEKNUM(D51,2) -> 25 | B51: =IF(OR(WEEKDAY(D51)=1, WEEKDAY(D51)=7), TEXT(D51, "dddd"), IF(COUNTIF(Reference!$A$13:$A$27, D51) > 0, "Holiday", TEXT(D51, "dddd"))) -> Friday | C51: =TEXT(D51,"dddd") -> Friday | D51: 46192 | E51: Manual_TPfC | F51: TPfC Phase 4 | G51: 8 | H51: 19 | I51: =IFERROR((G51/H51)*60, "") -> 25.263158 | P51: =IF(ISBLANK(E51), "", TRANSPOSE(INDIRECT(E51))) -> TPfC Phase 3 | Q51: TPfC Phase 4
A52: =WEEKNUM(D52,2) -> 25 | B52: =IF(OR(WEEKDAY(D52)=1, WEEKDAY(D52)=7), TEXT(D52, "dddd"), IF(COUNTIF(Reference!$A$13:$A$27, D52) > 0, "Holiday", TEXT(D52, "dddd"))) -> Saturday | C52: =TEXT(D52,"dddd") -> Saturday | D52: 46193 | I52: =IFERROR((G52/H52)*60, "") | P52: =IF(ISBLANK(E52), "", TRANSPOSE(INDIRECT(E52)))
A53: =WEEKNUM(D53,2) -> 25 | B53: =IF(OR(WEEKDAY(D53)=1, WEEKDAY(D53)=7), TEXT(D53, "dddd"), IF(COUNTIF(Reference!$A$13:$A$27, D53) > 0, "Holiday", TEXT(D53, "dddd"))) -> Sunday | C53: =TEXT(D53,"dddd") -> Sunday | D53: 46194 | I53: =IFERROR((G53/H53)*60, "") | P53: =IF(ISBLANK(E53), "", TRANSPOSE(INDIRECT(E53)))
A54: =WEEKNUM(D54,2) -> 26 | B54: =IF(OR(WEEKDAY(D54)=1, WEEKDAY(D54)=7), TEXT(D54, "dddd"), IF(COUNTIF(Reference!$A$13:$A$27, D54) > 0, "Holiday", TEXT(D54, "dddd"))) -> Monday | C54: =TEXT(D54,"dddd") -> Monday | D54: 46195 | I54: =IFERROR((G54/H54)*60, "") | P54: =IF(ISBLANK(E54), "", TRANSPOSE(INDIRECT(E54)))
A55: =WEEKNUM(D55,2) -> 26 | B55: =IF(OR(WEEKDAY(D55)=1, WEEKDAY(D55)=7), TEXT(D55, "dddd"), IF(COUNTIF(Reference!$A$13:$A$27, D55) > 0, "Holiday", TEXT(D55, "dddd"))) -> Tuesday | C55: =TEXT(D55,"dddd") -> Tuesday | D55: 46196 | I55: =IFERROR((G55/H55)*60, "") | P55: =IF(ISBLANK(E55), "", TRANSPOSE(INDIRECT(E55)))
A56: =WEEKNUM(D56,2) -> 26 | B56: =IF(OR(WEEKDAY(D56)=1, WEEKDAY(D56)=7), TEXT(D56, "dddd"), IF(COUNTIF(Reference!$A$13:$A$27, D56) > 0, "Holiday", TEXT(D56, "dddd"))) -> Wednesday | C56: =TEXT(D56,"dddd") -> Wednesday | D56: 46197 | I56: =IFERROR((G56/H56)*60, "") | P56: =IF(ISBLANK(E56), "", TRANSPOSE(INDIRECT(E56)))
A57: =WEEKNUM(D57,2) -> 26 | B57: =IF(OR(WEEKDAY(D57)=1, WEEKDAY(D57)=7), TEXT(D57, "dddd"), IF(COUNTIF(Reference!$A$13:$A$27, D57) > 0, "Holiday", TEXT(D57, "dddd"))) -> Thursday | C57: =TEXT(D57,"dddd") -> Thursday | D57: 46198 | I57: =IFERROR((G57/H57)*60, "") | P57: =IF(ISBLANK(E57), "", TRANSPOSE(INDIRECT(E57)))
A58: =WEEKNUM(D58,2) -> 26 | B58: =IF(OR(WEEKDAY(D58)=1, WEEKDAY(D58)=7), TEXT(D58, "dddd"), IF(COUNTIF(Reference!$A$13:$A$27, D58) > 0, "Holiday", TEXT(D58, "dddd"))) -> Friday | C58: =TEXT(D58,"dddd") -> Friday | D58: 46199 | I58: =IFERROR((G58/H58)*60, "") | P58: =IF(ISBLANK(E58), "", TRANSPOSE(INDIRECT(E58)))
A59: =WEEKNUM(D59,2) -> 26 | B59: =IF(OR(WEEKDAY(D59)=1, WEEKDAY(D59)=7), TEXT(D59, "dddd"), IF(COUNTIF(Reference!$A$13:$A$27, D59) > 0, "Holiday", TEXT(D59, "dddd"))) -> Saturday | C59: =TEXT(D59,"dddd") -> Saturday | D59: 46200 | I59: =IFERROR((G59/H59)*60, "") | P59: =IF(ISBLANK(E59), "", TRANSPOSE(INDIRECT(E59)))
A60: =WEEKNUM(D60,2) -> 26 | B60: =IF(OR(WEEKDAY(D60)=1, WEEKDAY(D60)=7), TEXT(D60, "dddd"), IF(COUNTIF(Reference!$A$13:$A$27, D60) > 0, "Holiday", TEXT(D60, "dddd"))) -> Sunday | C60: =TEXT(D60,"dddd") -> Sunday | D60: 46201 | I60: =IFERROR((G60/H60)*60, "") | P60: =IF(ISBLANK(E60), "", TRANSPOSE(INDIRECT(E60)))
A61: =WEEKNUM(D61,2) -> 27 | B61: =IF(OR(WEEKDAY(D61)=1, WEEKDAY(D61)=7), TEXT(D61, "dddd"), IF(COUNTIF(Reference!$A$13:$A$27, D61) > 0, "Holiday", TEXT(D61, "dddd"))) -> Monday | C61: =TEXT(D61,"dddd") -> Monday | D61: 46202 | I61: =IFERROR((G61/H61)*60, "") | P61: =IF(ISBLANK(E61), "", TRANSPOSE(INDIRECT(E61)))
A62: =WEEKNUM(D62,2) -> 27 | B62: =IF(OR(WEEKDAY(D62)=1, WEEKDAY(D62)=7), TEXT(D62, "dddd"), IF(COUNTIF(Reference!$A$13:$A$27, D62) > 0, "Holiday", TEXT(D62, "dddd"))) -> Tuesday | C62: =TEXT(D62,"dddd") -> Tuesday | D62: 46203 | I62: =IFERROR((G62/H62)*60, "") | P62: =IF(ISBLANK(E62), "", TRANSPOSE(INDIRECT(E62)))
A63: =WEEKNUM(D63,2) -> 27 | B63: =IF(OR(WEEKDAY(D63)=1, WEEKDAY(D63)=7), TEXT(D63, "dddd"), IF(COUNTIF(Reference!$A$13:$A$27, D63) > 0, "Holiday", TEXT(D63, "dddd"))) -> Wednesday | C63: =TEXT(D63,"dddd") -> Wednesday | D63: 46204 | I63: =IFERROR((G63/H63)*60, "") | P63: =IF(ISBLANK(E63), "", TRANSPOSE(INDIRECT(E63)))
... A246: =WEEKNUM(D246,2) -> 53 | B246: =IF(OR(WEEKDAY(D246)=1, WEEKDAY(D246)=7), TEXT(D246, "dddd"), IF(COUNTIF(Reference!$A$13:$A$27, D246) > 0, "Holiday", TEXT(D246, "dddd"))) -> Holiday | C246: =TEXT(D246,"dddd") -> Thursday | D246: 46387 | I246: =IFERROR((G246/H246)*60, "") | P246: =IF(ISBLANK(E246), "", TRANSPOSE(INDIRECT(E246)))

Sheet Shahmeer
A1: KW | B1: Holiday OR Weekend | C1: Day | D1: Date | E1: Project | F1: Task | G1: Duration (Hrs) | H1: # of Signals | I1: Time per Signal (mins) | J1: Notes
A2: =WEEKNUM(D2,2) -> 18 | B2: =IF(OR(WEEKDAY(D2)=1, WEEKDAY(D2)=7), TEXT(D2, "dddd"), IF(COUNTIF(Reference!$A$13:$A$27, D2) > 0, "Holiday", TEXT(D2, "dddd"))) -> Holiday | C2: =TEXT(D2,"dddd") -> Friday | D2: 46143 | P2: =IF(ISBLANK(E2), "", TRANSPOSE(INDIRECT(E2)))
A3: =WEEKNUM(D3,2) -> 18 | B3: =IF(OR(WEEKDAY(D3)=1, WEEKDAY(D3)=7), TEXT(D3, "dddd"), IF(COUNTIF(Reference!$A$13:$A$27, D3) > 0, "Holiday", TEXT(D3, "dddd"))) -> Saturday | C3: =TEXT(D3,"dddd") -> Saturday | D3: 46144 | I3: =IFERROR((G3/H3)*60, "") | P3: =IF(ISBLANK(E3), "", TRANSPOSE(INDIRECT(E3)))
A4: =WEEKNUM(D4,2) -> 18 | B4: =IF(OR(WEEKDAY(D4)=1, WEEKDAY(D4)=7), TEXT(D4, "dddd"), IF(COUNTIF(Reference!$A$13:$A$27, D4) > 0, "Holiday", TEXT(D4, "dddd"))) -> Sunday | C4: =TEXT(D4,"dddd") -> Sunday | D4: 46145 | I4: =IFERROR((G4/H4)*60, "") | P4: =IF(ISBLANK(E4), "", TRANSPOSE(INDIRECT(E4)))
A5: =WEEKNUM(D5,2) -> 19 | B5: =IF(OR(WEEKDAY(D5)=1, WEEKDAY(D5)=7), TEXT(D5, "dddd"), IF(COUNTIF(Reference!$A$13:$A$27, D5) > 0, "Holiday", TEXT(D5, "dddd"))) -> Monday | C5: =TEXT(D5,"dddd") -> Monday | D5: 46146 | E5: Additional_Tasks | F5: Audi Crossings QC | G5: 8 | I5: =IFERROR((G5/H5)*60, "") | J5: TPFC Bayreuth, Bielefeld | P5: =IF(ISBLANK(E5), "", TRANSPOSE(INDIRECT(E5))) -> Audi Crossings QC | Q5: Barcelona Plans | R5: Signal phasing | S5: Italy invistigation | T5: Others (Specify in "Notes")
A6: =WEEKNUM(D6,2) -> 19 | B6: =IF(OR(WEEKDAY(D6)=1, WEEKDAY(D6)=7), TEXT(D6, "dddd"), IF(COUNTIF(Reference!$A$13:$A$27, D6) > 0, "Holiday", TEXT(D6, "dddd"))) -> Tuesday | C6: =TEXT(D6,"dddd") -> Tuesday | D6: 46147 | E6: Additional_Tasks | F6: Audi Crossings QC | G6: 8 | I6: =IFERROR((G6/H6)*60, "") | J6: TPFC QC Boeblingen, Braunschweig | P6: =IF(ISBLANK(E6), "", TRANSPOSE(INDIRECT(E6))) -> Audi Crossings QC | Q6: Barcelona Plans | R6: Signal phasing | S6: Italy invistigation | T6: Others (Specify in "Notes")
A7: =WEEKNUM(D7,2) -> 19 | B7: =IF(OR(WEEKDAY(D7)=1, WEEKDAY(D7)=7), TEXT(D7, "dddd"), IF(COUNTIF(Reference!$A$13:$A$27, D7) > 0, "Holiday", TEXT(D7, "dddd"))) -> Wednesday | C7: =TEXT(D7,"dddd") -> Wednesday | D7: 46148 | E7: Additional_Tasks | F7: Audi Crossings QC | G7: 4 | I7: =IFERROR((G7/H7)*60, "") | J7: TPFC QC Braunschweig | P7: =IF(ISBLANK(E7), "", TRANSPOSE(INDIRECT(E7))) -> Audi Crossings QC | Q7: Barcelona Plans | R7: Signal phasing | S7: Italy invistigation | T7: Others (Specify in "Notes")
A8: =WEEKNUM(D8,2) -> 19 | B8: =IF(OR(WEEKDAY(D8)=1, WEEKDAY(D8)=7), TEXT(D8, "dddd"), IF(COUNTIF(Reference!$A$13:$A$27, D8) > 0, "Holiday", TEXT(D8, "dddd"))) -> Thursday | C8: =TEXT(D8,"dddd") -> Thursday | D8: 46149 | I8: =IFERROR((G8/H8)*60, "") | P8: =IF(ISBLANK(E8), "", TRANSPOSE(INDIRECT(E8)))
A9: =WEEKNUM(D9,2) -> 19 | B9: =IF(OR(WEEKDAY(D9)=1, WEEKDAY(D9)=7), TEXT(D9, "dddd"), IF(COUNTIF(Reference!$A$13:$A$27, D9) > 0, "Holiday", TEXT(D9, "dddd"))) -> Friday | C9: =TEXT(D9,"dddd") -> Friday | D9: 46150 | I9: =IFERROR((G9/H9)*60, "") | P9: =IF(ISBLANK(E9), "", TRANSPOSE(INDIRECT(E9)))
A10: =WEEKNUM(D10,2) -> 19 | B10: =IF(OR(WEEKDAY(D10)=1, WEEKDAY(D10)=7), TEXT(D10, "dddd"), IF(COUNTIF(Reference!$A$13:$A$27, D10) > 0, "Holiday", TEXT(D10, "dddd"))) -> Saturday | C10: =TEXT(D10,"dddd") -> Saturday | D10: 46151 | I10: =IFERROR((G10/H10)*60, "") | P10: =IF(ISBLANK(E10), "", TRANSPOSE(INDIRECT(E10)))
A11: =WEEKNUM(D11,2) -> 19 | B11: =IF(OR(WEEKDAY(D11)=1, WEEKDAY(D11)=7), TEXT(D11, "dddd"), IF(COUNTIF(Reference!$A$13:$A$27, D11) > 0, "Holiday", TEXT(D11, "dddd"))) -> Sunday | C11: =TEXT(D11,"dddd") -> Sunday | D11: 46152 | I11: =IFERROR((G11/H11)*60, "") | P11: =IF(ISBLANK(E11), "", TRANSPOSE(INDIRECT(E11)))
A12: =WEEKNUM(D12,2) -> 20 | B12: =IF(OR(WEEKDAY(D12)=1, WEEKDAY(D12)=7), TEXT(D12, "dddd"), IF(COUNTIF(Reference!$A$13:$A$27, D12) > 0, "Holiday", TEXT(D12, "dddd"))) -> Monday | C12: =TEXT(D12,"dddd") -> Monday | D12: 46153 | E12: Additional_Tasks | F12: Audi Crossings QC | G12: 8 | I12: =IFERROR((G12/H12)*60, "") | J12: TPFC QC Bremen | P12: =IF(ISBLANK(E12), "", TRANSPOSE(INDIRECT(E12))) -> Audi Crossings QC | Q12: Barcelona Plans | R12: Signal phasing | S12: Italy invistigation | T12: Others (Specify in "Notes")
A13: =WEEKNUM(D13,2) -> 20 | B13: =IF(OR(WEEKDAY(D13)=1, WEEKDAY(D13)=7), TEXT(D13, "dddd"), IF(COUNTIF(Reference!$A$13:$A$27, D13) > 0, "Holiday", TEXT(D13, "dddd"))) -> Tuesday | C13: =TEXT(D13,"dddd") -> Tuesday | D13: 46154 | E13: Field_Testing | F13: TPfC - Test Suite | G13: 9 | I13: =IFERROR((G13/H13)*60, "") | J13: Field test Nurnberg | P13: =IF(ISBLANK(E13), "", TRANSPOSE(INDIRECT(E13))) -> TPfC - Test Suite
A14: =WEEKNUM(D14,2) -> 20 | B14: =IF(OR(WEEKDAY(D14)=1, WEEKDAY(D14)=7), TEXT(D14, "dddd"), IF(COUNTIF(Reference!$A$13:$A$27, D14) > 0, "Holiday", TEXT(D14, "dddd"))) -> Wednesday | C14: =TEXT(D14,"dddd") -> Wednesday | D14: 46155 | E14: Additional_Tasks | F14: Audi Crossings QC | G14: 3 | I14: =IFERROR((G14/H14)*60, "") | J14: TPFC QC Bremen | P14: =IF(ISBLANK(E14), "", TRANSPOSE(INDIRECT(E14))) -> Audi Crossings QC | Q14: Barcelona Plans | R14: Signal phasing | S14: Italy invistigation | T14: Others (Specify in "Notes")
A15: =WEEKNUM(D15,2) -> 20 | B15: =IF(OR(WEEKDAY(D15)=1, WEEKDAY(D15)=7), TEXT(D15, "dddd"), IF(COUNTIF(Reference!$A$13:$A$27, D15) > 0, "Holiday", TEXT(D15, "dddd"))) -> Holiday | C15: =TEXT(D15,"dddd") -> Thursday | D15: 46156 | I15: =IFERROR((G15/H15)*60, "") | P15: =IF(ISBLANK(E15), "", TRANSPOSE(INDIRECT(E15)))
A16: =WEEKNUM(D16,2) -> 20 | B16: =IF(OR(WEEKDAY(D16)=1, WEEKDAY(D16)=7), TEXT(D16, "dddd"), IF(COUNTIF(Reference!$A$13:$A$27, D16) > 0, "Holiday", TEXT(D16, "dddd"))) -> Friday | C16: =TEXT(D16,"dddd") -> Friday | D16: 46157 | I16: =IFERROR((G16/H16)*60, "") | P16: =IF(ISBLANK(E16), "", TRANSPOSE(INDIRECT(E16)))
A17: =WEEKNUM(D17,2) -> 20 | B17: =IF(OR(WEEKDAY(D17)=1, WEEKDAY(D17)=7), TEXT(D17, "dddd"), IF(COUNTIF(Reference!$A$13:$A$27, D17) > 0, "Holiday", TEXT(D17, "dddd"))) -> Saturday | C17: =TEXT(D17,"dddd") -> Saturday | D17: 46158 | I17: =IFERROR((G17/H17)*60, "") | P17: =IF(ISBLANK(E17), "", TRANSPOSE(INDIRECT(E17)))
A18: =WEEKNUM(D18,2) -> 20 | B18: =IF(OR(WEEKDAY(D18)=1, WEEKDAY(D18)=7), TEXT(D18, "dddd"), IF(COUNTIF(Reference!$A$13:$A$27, D18) > 0, "Holiday", TEXT(D18, "dddd"))) -> Sunday | C18: =TEXT(D18,"dddd") -> Sunday | D18: 46159 | I18: =IFERROR((G18/H18)*60, "") | P18: =IF(ISBLANK(E18), "", TRANSPOSE(INDIRECT(E18)))
A19: =WEEKNUM(D19,2) -> 21 | B19: =IF(OR(WEEKDAY(D19)=1, WEEKDAY(D19)=7), TEXT(D19, "dddd"), IF(COUNTIF(Reference!$A$13:$A$27, D19) > 0, "Holiday", TEXT(D19, "dddd"))) -> Monday | C19: =TEXT(D19,"dddd") -> Monday | D19: 46160 | E19: Additional_Tasks | F19: Audi Crossings QC | G19: 8 | I19: =IFERROR((G19/H19)*60, "") | J19: TPFC QC Darmstadt | P19: =IF(ISBLANK(E19), "", TRANSPOSE(INDIRECT(E19))) -> Audi Crossings QC | Q19: Barcelona Plans | R19: Signal phasing | S19: Italy invistigation | T19: Others (Specify in "Notes")
A20: =WEEKNUM(D20,2) -> 21 | B20: =IF(OR(WEEKDAY(D20)=1, WEEKDAY(D20)=7), TEXT(D20, "dddd"), IF(COUNTIF(Reference!$A$13:$A$27, D20) > 0, "Holiday", TEXT(D20, "dddd"))) -> Tuesday | C20: =TEXT(D20,"dddd") -> Tuesday | D20: 46161 | E20: Additional_Tasks | F20: Audi Crossings QC | G20: 6 | I20: =IFERROR((G20/H20)*60, "") | J20: TPFC QC Darmstadt, Duisburg | P20: =IF(ISBLANK(E20), "", TRANSPOSE(INDIRECT(E20))) -> Audi Crossings QC | Q20: Barcelona Plans | R20: Signal phasing | S20: Italy invistigation | T20: Others (Specify in "Notes")
A21: =WEEKNUM(D21,2) -> 21 | B21: =IF(OR(WEEKDAY(D21)=1, WEEKDAY(D21)=7), TEXT(D21, "dddd"), IF(COUNTIF(Reference!$A$13:$A$27, D21) > 0, "Holiday", TEXT(D21, "dddd"))) -> Wednesday | C21: =TEXT(D21,"dddd") -> Wednesday | D21: 46162 | E21: Additional_Tasks | F21: Audi Crossings QC | G21: 6 | I21: =IFERROR((G21/H21)*60, "") | J21: TPFC QC Duisburg | P21: =IF(ISBLANK(E21), "", TRANSPOSE(INDIRECT(E21))) -> Audi Crossings QC | Q21: Barcelona Plans | R21: Signal phasing | S21: Italy invistigation | T21: Others (Specify in "Notes")
A22: =WEEKNUM(D22,2) -> 21 | B22: =IF(OR(WEEKDAY(D22)=1, WEEKDAY(D22)=7), TEXT(D22, "dddd"), IF(COUNTIF(Reference!$A$13:$A$27, D22) > 0, "Holiday", TEXT(D22, "dddd"))) -> Thursday | C22: =TEXT(D22,"dddd") -> Thursday | D22: 46163 | I22: =IFERROR((G22/H22)*60, "") | P22: =IF(ISBLANK(E22), "", TRANSPOSE(INDIRECT(E22)))
A23: =WEEKNUM(D23,2) -> 21 | B23: =IF(OR(WEEKDAY(D23)=1, WEEKDAY(D23)=7), TEXT(D23, "dddd"), IF(COUNTIF(Reference!$A$13:$A$27, D23) > 0, "Holiday", TEXT(D23, "dddd"))) -> Friday | C23: =TEXT(D23,"dddd") -> Friday | D23: 46164 | I23: =IFERROR((G23/H23)*60, "") | P23: =IF(ISBLANK(E23), "", TRANSPOSE(INDIRECT(E23)))
A24: =WEEKNUM(D24,2) -> 21 | B24: =IF(OR(WEEKDAY(D24)=1, WEEKDAY(D24)=7), TEXT(D24, "dddd"), IF(COUNTIF(Reference!$A$13:$A$27, D24) > 0, "Holiday", TEXT(D24, "dddd"))) -> Saturday | C24: =TEXT(D24,"dddd") -> Saturday | D24: 46165 | I24: =IFERROR((G24/H24)*60, "") | P24: =IF(ISBLANK(E24), "", TRANSPOSE(INDIRECT(E24)))
A25: =WEEKNUM(D25,2) -> 21 | B25: =IF(OR(WEEKDAY(D25)=1, WEEKDAY(D25)=7), TEXT(D25, "dddd"), IF(COUNTIF(Reference!$A$13:$A$27, D25) > 0, "Holiday", TEXT(D25, "dddd"))) -> Sunday | C25: =TEXT(D25,"dddd") -> Sunday | D25: 46166 | I25: =IFERROR((G25/H25)*60, "") | P25: =IF(ISBLANK(E25), "", TRANSPOSE(INDIRECT(E25)))
A26: =WEEKNUM(D26,2) -> 22 | B26: =IF(OR(WEEKDAY(D26)=1, WEEKDAY(D26)=7), TEXT(D26, "dddd"), IF(COUNTIF(Reference!$A$13:$A$27, D26) > 0, "Holiday", TEXT(D26, "dddd"))) -> Holiday | C26: =TEXT(D26,"dddd") -> Monday | D26: 46167 | I26: =IFERROR((G26/H26)*60, "") | P26: =IF(ISBLANK(E26), "", TRANSPOSE(INDIRECT(E26)))
A27: =WEEKNUM(D27,2) -> 22 | B27: =IF(OR(WEEKDAY(D27)=1, WEEKDAY(D27)=7), TEXT(D27, "dddd"), IF(COUNTIF(Reference!$A$13:$A$27, D27) > 0, "Holiday", TEXT(D27, "dddd"))) -> Tuesday | C27: =TEXT(D27,"dddd") -> Tuesday | D27: 46168 | I27: =IFERROR((G27/H27)*60, "") | P27: =IF(ISBLANK(E27), "", TRANSPOSE(INDIRECT(E27)))
A28: =WEEKNUM(D28,2) -> 22 | B28: =IF(OR(WEEKDAY(D28)=1, WEEKDAY(D28)=7), TEXT(D28, "dddd"), IF(COUNTIF(Reference!$A$13:$A$27, D28) > 0, "Holiday", TEXT(D28, "dddd"))) -> Wednesday | C28: =TEXT(D28,"dddd") -> Wednesday | D28: 46169 | I28: =IFERROR((G28/H28)*60, "") | P28: =IF(ISBLANK(E28), "", TRANSPOSE(INDIRECT(E28)))
A29: =WEEKNUM(D29,2) -> 22 | B29: =IF(OR(WEEKDAY(D29)=1, WEEKDAY(D29)=7), TEXT(D29, "dddd"), IF(COUNTIF(Reference!$A$13:$A$27, D29) > 0, "Holiday", TEXT(D29, "dddd"))) -> Thursday | C29: =TEXT(D29,"dddd") -> Thursday | D29: 46170 | E29: Additional_Tasks | F29: Audi Crossings QC | G29: 8 | H29: 26 | I29: =IFERROR((G29/H29)*60, "") -> 18.461538 | J29: TPFC QC Duisburg, Herne | P29: =IF(ISBLANK(E29), "", TRANSPOSE(INDIRECT(E29))) -> Audi Crossings QC | Q29: Barcelona Plans | R29: Signal phasing | S29: Italy invistigation | T29: Others (Specify in "Notes")
A30: =WEEKNUM(D30,2) -> 22 | B30: =IF(OR(WEEKDAY(D30)=1, WEEKDAY(D30)=7), TEXT(D30, "dddd"), IF(COUNTIF(Reference!$A$13:$A$27, D30) > 0, "Holiday", TEXT(D30, "dddd"))) -> Friday | C30: =TEXT(D30,"dddd") -> Friday | D30: 46171 | E30: Additional_Tasks | F30: Audi Crossings QC | G30: 6 | H30: 15 | I30: =IFERROR((G30/H30)*60, "") -> 24 | J30: TPFC QC Herne | P30: =IF(ISBLANK(E30), "", TRANSPOSE(INDIRECT(E30))) -> Audi Crossings QC | Q30: Barcelona Plans | R30: Signal phasing | S30: Italy invistigation | T30: Others (Specify in "Notes")
A31: =WEEKNUM(D31,2) -> 22 | B31: =IF(OR(WEEKDAY(D31)=1, WEEKDAY(D31)=7), TEXT(D31, "dddd"), IF(COUNTIF(Reference!$A$13:$A$27, D31) > 0, "Holiday", TEXT(D31, "dddd"))) -> Saturday | C31: =TEXT(D31,"dddd") -> Saturday | D31: 46172 | E31: Additional_Tasks | F31: Audi Crossings QC | G31: 6 | H31: 18 | I31: =IFERROR((G31/H31)*60, "") -> 20 | J31: TPFC Neumuenster, Trier | P31: =IF(ISBLANK(E31), "", TRANSPOSE(INDIRECT(E31))) -> Audi Crossings QC | Q31: Barcelona Plans | R31: Signal phasing | S31: Italy invistigation | T31: Others (Specify in "Notes")
A32: =WEEKNUM(D32,2) -> 22 | B32: =IF(OR(WEEKDAY(D32)=1, WEEKDAY(D32)=7), TEXT(D32, "dddd"), IF(COUNTIF(Reference!$A$13:$A$27, D32) > 0, "Holiday", TEXT(D32, "dddd"))) -> Sunday | C32: =TEXT(D32,"dddd") -> Sunday | D32: 46173 | I32: =IFERROR((G32/H32)*60, "") | P32: =IF(ISBLANK(E32), "", TRANSPOSE(INDIRECT(E32)))
A33: =WEEKNUM(D33,2) -> 23 | B33: =IF(OR(WEEKDAY(D33)=1, WEEKDAY(D33)=7), TEXT(D33, "dddd"), IF(COUNTIF(Reference!$A$13:$A$27, D33) > 0, "Holiday", TEXT(D33, "dddd"))) -> Monday | C33: =TEXT(D33,"dddd") -> Monday | D33: 46174 | I33: =IFERROR((G33/H33)*60, "") | P33: =IF(ISBLANK(E33), "", TRANSPOSE(INDIRECT(E33)))
A34: =WEEKNUM(D34,2) -> 23 | B34: =IF(OR(WEEKDAY(D34)=1, WEEKDAY(D34)=7), TEXT(D34, "dddd"), IF(COUNTIF(Reference!$A$13:$A$27, D34) > 0, "Holiday", TEXT(D34, "dddd"))) -> Tuesday | C34: =TEXT(D34,"dddd") -> Tuesday | D34: 46175 | E34: Additional_Tasks | F34: Audi Crossings QC | G34: 8 | H34: 36 | I34: =IFERROR((G34/H34)*60, "") -> 13.333333 | J34: TPFC QC Krefeld | P34: =IF(ISBLANK(E34), "", TRANSPOSE(INDIRECT(E34))) -> Audi Crossings QC | Q34: Barcelona Plans | R34: Signal phasing | S34: Italy invistigation | T34: Others (Specify in "Notes")
A35: =WEEKNUM(D35,2) -> 23 | B35: =IF(OR(WEEKDAY(D35)=1, WEEKDAY(D35)=7), TEXT(D35, "dddd"), IF(COUNTIF(Reference!$A$13:$A$27, D35) > 0, "Holiday", TEXT(D35, "dddd"))) -> Wednesday | C35: =TEXT(D35,"dddd") -> Wednesday | D35: 46176 | E35: Additional_Tasks | F35: Audi Crossings QC | G35: 6 | H35: 28 | I35: =IFERROR((G35/H35)*60, "") -> 12.857143 | J35: TPFC QC Krefeld | P35: =IF(ISBLANK(E35), "", TRANSPOSE(INDIRECT(E35))) -> Audi Crossings QC | Q35: Barcelona Plans | R35: Signal phasing | S35: Italy invistigation | T35: Others (Specify in "Notes")
A36: =WEEKNUM(D36,2) -> 23 | B36: =IF(OR(WEEKDAY(D36)=1, WEEKDAY(D36)=7), TEXT(D36, "dddd"), IF(COUNTIF(Reference!$A$13:$A$27, D36) > 0, "Holiday", TEXT(D36, "dddd"))) -> Holiday | C36: =TEXT(D36,"dddd") -> Thursday | D36: 46177 | E36: Additional_Tasks | F36: Audi Crossings QC | G36: 6 | H36: 29 | I36: =IFERROR((G36/H36)*60, "") -> 12.413793 | J36: TPFC QC Krefeld/Nordrhein Westfalen | P36: =IF(ISBLANK(E36), "", TRANSPOSE(INDIRECT(E36))) -> Audi Crossings QC | Q36: Barcelona Plans | R36: Signal phasing | S36: Italy invistigation | T36: Others (Specify in "Notes")
A37: =WEEKNUM(D37,2) -> 23 | B37: =IF(OR(WEEKDAY(D37)=1, WEEKDAY(D37)=7), TEXT(D37, "dddd"), IF(COUNTIF(Reference!$A$13:$A$27, D37) > 0, "Holiday", TEXT(D37, "dddd"))) -> Friday | C37: =TEXT(D37,"dddd") -> Friday | D37: 46178 | I37: =IFERROR((G37/H37)*60, "") | P37: =IF(ISBLANK(E37), "", TRANSPOSE(INDIRECT(E37)))
A38: =WEEKNUM(D38,2) -> 23 | B38: =IF(OR(WEEKDAY(D38)=1, WEEKDAY(D38)=7), TEXT(D38, "dddd"), IF(COUNTIF(Reference!$A$13:$A$27, D38) > 0, "Holiday", TEXT(D38, "dddd"))) -> Saturday | C38: =TEXT(D38,"dddd") -> Saturday | D38: 46179 | I38: =IFERROR((G38/H38)*60, "") | P38: =IF(ISBLANK(E38), "", TRANSPOSE(INDIRECT(E38)))
A39: =WEEKNUM(D39,2) -> 23 | B39: =IF(OR(WEEKDAY(D39)=1, WEEKDAY(D39)=7), TEXT(D39, "dddd"), IF(COUNTIF(Reference!$A$13:$A$27, D39) > 0, "Holiday", TEXT(D39, "dddd"))) -> Sunday | C39: =TEXT(D39,"dddd") -> Sunday | D39: 46180 | I39: =IFERROR((G39/H39)*60, "") | P39: =IF(ISBLANK(E39), "", TRANSPOSE(INDIRECT(E39)))
A40: =WEEKNUM(D40,2) -> 24 | B40: =IF(OR(WEEKDAY(D40)=1, WEEKDAY(D40)=7), TEXT(D40, "dddd"), IF(COUNTIF(Reference!$A$13:$A$27, D40) > 0, "Holiday", TEXT(D40, "dddd"))) -> Monday | C40: =TEXT(D40,"dddd") -> Monday | D40: 46181 | E40: Additional_Tasks | F40: Audi Crossings QC | G40: 8 | H40: 37 | I40: =IFERROR((G40/H40)*60, "") -> 12.972973 | J40: TPFC QC Nordrhein Westfalen | P40: =IF(ISBLANK(E40), "", TRANSPOSE(INDIRECT(E40))) -> Audi Crossings QC | Q40: Barcelona Plans | R40: Signal phasing | S40: Italy invistigation | T40: Others (Specify in "Notes")
A41: =WEEKNUM(D41,2) -> 24 | B41: =IF(OR(WEEKDAY(D41)=1, WEEKDAY(D41)=7), TEXT(D41, "dddd"), IF(COUNTIF(Reference!$A$13:$A$27, D41) > 0, "Holiday", TEXT(D41, "dddd"))) -> Tuesday | C41: =TEXT(D41,"dddd") -> Tuesday | D41: 46182 | E41: Additional_Tasks | F41: Audi Crossings QC | G41: 6 | H41: 27 | I41: =IFERROR((G41/H41)*60, "") -> 13.333333 | J41: TPFC QC Nordrhein Westfalen | P41: =IF(ISBLANK(E41), "", TRANSPOSE(INDIRECT(E41))) -> Audi Crossings QC | Q41: Barcelona Plans | R41: Signal phasing | S41: Italy invistigation | T41: Others (Specify in "Notes")
A42: =WEEKNUM(D42,2) -> 24 | B42: =IF(OR(WEEKDAY(D42)=1, WEEKDAY(D42)=7), TEXT(D42, "dddd"), IF(COUNTIF(Reference!$A$13:$A$27, D42) > 0, "Holiday", TEXT(D42, "dddd"))) -> Wednesday | C42: =TEXT(D42,"dddd") -> Wednesday | D42: 46183 | I42: =IFERROR((G42/H42)*60, "") | P42: =IF(ISBLANK(E42), "", TRANSPOSE(INDIRECT(E42)))
A43: =WEEKNUM(D43,2) -> 24 | B43: =IF(OR(WEEKDAY(D43)=1, WEEKDAY(D43)=7), TEXT(D43, "dddd"), IF(COUNTIF(Reference!$A$13:$A$27, D43) > 0, "Holiday", TEXT(D43, "dddd"))) -> Thursday | C43: =TEXT(D43,"dddd") -> Thursday | D43: 46184 | I43: =IFERROR((G43/H43)*60, "") | P43: =IF(ISBLANK(E43), "", TRANSPOSE(INDIRECT(E43)))
A44: =WEEKNUM(D44,2) -> 24 | B44: =IF(OR(WEEKDAY(D44)=1, WEEKDAY(D44)=7), TEXT(D44, "dddd"), IF(COUNTIF(Reference!$A$13:$A$27, D44) > 0, "Holiday", TEXT(D44, "dddd"))) -> Friday | C44: =TEXT(D44,"dddd") -> Friday | D44: 46185 | E44: Additional_Tasks | F44: Audi Crossings QC | G44: 6 | H44: 33 | I44: =IFERROR((G44/H44)*60, "") -> 10.909091 | J44: TPFC QC Nordrhein Westfalen | P44: =IF(ISBLANK(E44), "", TRANSPOSE(INDIRECT(E44))) -> Audi Crossings QC | Q44: Barcelona Plans | R44: Signal phasing | S44: Italy invistigation | T44: Others (Specify in "Notes")
A45: =WEEKNUM(D45,2) -> 24 | B45: =IF(OR(WEEKDAY(D45)=1, WEEKDAY(D45)=7), TEXT(D45, "dddd"), IF(COUNTIF(Reference!$A$13:$A$27, D45) > 0, "Holiday", TEXT(D45, "dddd"))) -> Saturday | C45: =TEXT(D45,"dddd") -> Saturday | D45: 46186 | I45: =IFERROR((G45/H45)*60, "") | P45: =IF(ISBLANK(E45), "", TRANSPOSE(INDIRECT(E45)))
A46: =WEEKNUM(D46,2) -> 24 | B46: =IF(OR(WEEKDAY(D46)=1, WEEKDAY(D46)=7), TEXT(D46, "dddd"), IF(COUNTIF(Reference!$A$13:$A$27, D46) > 0, "Holiday", TEXT(D46, "dddd"))) -> Sunday | C46: =TEXT(D46,"dddd") -> Sunday | D46: 46187 | I46: =IFERROR((G46/H46)*60, "") | P46: =IF(ISBLANK(E46), "", TRANSPOSE(INDIRECT(E46)))
A47: =WEEKNUM(D47,2) -> 25 | B47: =IF(OR(WEEKDAY(D47)=1, WEEKDAY(D47)=7), TEXT(D47, "dddd"), IF(COUNTIF(Reference!$A$13:$A$27, D47) > 0, "Holiday", TEXT(D47, "dddd"))) -> Monday | C47: =TEXT(D47,"dddd") -> Monday | D47: 46188 | E47: Manual_TPfC | F47: TPfC Phase 3 | G47: 8 | H47: 30 | I47: =IFERROR((G47/H47)*60, "") -> 16 | J47: TPFC Mailand | P47: =IF(ISBLANK(E47), "", TRANSPOSE(INDIRECT(E47))) -> TPfC Phase 3 | Q47: TPfC Phase 4
A48: =WEEKNUM(D48,2) -> 25 | B48: =IF(OR(WEEKDAY(D48)=1, WEEKDAY(D48)=7), TEXT(D48, "dddd"), IF(COUNTIF(Reference!$A$13:$A$27, D48) > 0, "Holiday", TEXT(D48, "dddd"))) -> Tuesday | C48: =TEXT(D48,"dddd") -> Tuesday | D48: 46189 | E48: Manual_TPfC | F48: TPfC Phase 3 | G48: 8 | H48: 31 | I48: =IFERROR((G48/H48)*60, "") -> 15.483871 | J48: TPFC Mailand | P48: =IF(ISBLANK(E48), "", TRANSPOSE(INDIRECT(E48))) -> TPfC Phase 3 | Q48: TPfC Phase 4
A49: =WEEKNUM(D49,2) -> 25 | B49: =IF(OR(WEEKDAY(D49)=1, WEEKDAY(D49)=7), TEXT(D49, "dddd"), IF(COUNTIF(Reference!$A$13:$A$27, D49) > 0, "Holiday", TEXT(D49, "dddd"))) -> Wednesday | C49: =TEXT(D49,"dddd") -> Wednesday | D49: 46190 | E49: Manual_TPfC | F49: TPfC Phase 3 | G49: 4 | H49: 18 | I49: =IFERROR((G49/H49)*60, "") -> 13.333333 | J49: TPFC Mailand | P49: =IF(ISBLANK(E49), "", TRANSPOSE(INDIRECT(E49))) -> TPfC Phase 3 | Q49: TPfC Phase 4
A50: =WEEKNUM(D50,2) -> 25 | B50: =IF(OR(WEEKDAY(D50)=1, WEEKDAY(D50)=7), TEXT(D50, "dddd"), IF(COUNTIF(Reference!$A$13:$A$27, D50) > 0, "Holiday", TEXT(D50, "dddd"))) -> Thursday | C50: =TEXT(D50,"dddd") -> Thursday | D50: 46191 | I50: =IFERROR((G50/H50)*60, "") | P50: =IF(ISBLANK(E50), "", TRANSPOSE(INDIRECT(E50)))
A51: =WEEKNUM(D51,2) -> 25 | B51: =IF(OR(WEEKDAY(D51)=1, WEEKDAY(D51)=7), TEXT(D51, "dddd"), IF(COUNTIF(Reference!$A$13:$A$27, D51) > 0, "Holiday", TEXT(D51, "dddd"))) -> Friday | C51: =TEXT(D51,"dddd") -> Friday | D51: 46192 | I51: =IFERROR((G51/H51)*60, "") | P51: =IF(ISBLANK(E51), "", TRANSPOSE(INDIRECT(E51)))
A52: =WEEKNUM(D52,2) -> 25 | B52: =IF(OR(WEEKDAY(D52)=1, WEEKDAY(D52)=7), TEXT(D52, "dddd"), IF(COUNTIF(Reference!$A$13:$A$27, D52) > 0, "Holiday", TEXT(D52, "dddd"))) -> Saturday | C52: =TEXT(D52,"dddd") -> Saturday | D52: 46193 | I52: =IFERROR((G52/H52)*60, "") | P52: =IF(ISBLANK(E52), "", TRANSPOSE(INDIRECT(E52)))
A53: =WEEKNUM(D53,2) -> 25 | B53: =IF(OR(WEEKDAY(D53)=1, WEEKDAY(D53)=7), TEXT(D53, "dddd"), IF(COUNTIF(Reference!$A$13:$A$27, D53) > 0, "Holiday", TEXT(D53, "dddd"))) -> Sunday | C53: =TEXT(D53,"dddd") -> Sunday | D53: 46194 | I53: =IFERROR((G53/H53)*60, "") | P53: =IF(ISBLANK(E53), "", TRANSPOSE(INDIRECT(E53)))
A54: =WEEKNUM(D54,2) -> 26 | B54: =IF(OR(WEEKDAY(D54)=1, WEEKDAY(D54)=7), TEXT(D54, "dddd"), IF(COUNTIF(Reference!$A$13:$A$27, D54) > 0, "Holiday", TEXT(D54, "dddd"))) -> Monday | C54: =TEXT(D54,"dddd") -> Monday | D54: 46195 | E54: Manual_TPfC | F54: TPfC Phase 3 | G54: 8 | H54: 31 | I54: =IFERROR((G54/H54)*60, "") -> 15.483871 | J54: TPFC Mailand | P54: =IF(ISBLANK(E54), "", TRANSPOSE(INDIRECT(E54))) -> TPfC Phase 3 | Q54: TPfC Phase 4
A55: =WEEKNUM(D55,2) -> 26 | B55: =IF(OR(WEEKDAY(D55)=1, WEEKDAY(D55)=7), TEXT(D55, "dddd"), IF(COUNTIF(Reference!$A$13:$A$27, D55) > 0, "Holiday", TEXT(D55, "dddd"))) -> Tuesday | C55: =TEXT(D55,"dddd") -> Tuesday | D55: 46196 | E55: Manual_TPfC | F55: TPfC Phase 3 | G55: 8 | H55: 32 | I55: =IFERROR((G55/H55)*60, "") -> 15 | J55: TPFC Mailand | P55: =IF(ISBLANK(E55), "", TRANSPOSE(INDIRECT(E55))) -> TPfC Phase 3 | Q55: TPfC Phase 4
A56: =WEEKNUM(D56,2) -> 26 | B56: =IF(OR(WEEKDAY(D56)=1, WEEKDAY(D56)=7), TEXT(D56, "dddd"), IF(COUNTIF(Reference!$A$13:$A$27, D56) > 0, "Holiday", TEXT(D56, "dddd"))) -> Wednesday | C56: =TEXT(D56,"dddd") -> Wednesday | D56: 46197 | I56: =IFERROR((G56/H56)*60, "") | P56: =IF(ISBLANK(E56), "", TRANSPOSE(INDIRECT(E56)))
A57: =WEEKNUM(D57,2) -> 26 | B57: =IF(OR(WEEKDAY(D57)=1, WEEKDAY(D57)=7), TEXT(D57, "dddd"), IF(COUNTIF(Reference!$A$13:$A$27, D57) > 0, "Holiday", TEXT(D57, "dddd"))) -> Thursday | C57: =TEXT(D57,"dddd") -> Thursday | D57: 46198 | I57: =IFERROR((G57/H57)*60, "") | P57: =IF(ISBLANK(E57), "", TRANSPOSE(INDIRECT(E57)))
A58: =WEEKNUM(D58,2) -> 26 | B58: =IF(OR(WEEKDAY(D58)=1, WEEKDAY(D58)=7), TEXT(D58, "dddd"), IF(COUNTIF(Reference!$A$13:$A$27, D58) > 0, "Holiday", TEXT(D58, "dddd"))) -> Friday | C58: =TEXT(D58,"dddd") -> Friday | D58: 46199 | I58: =IFERROR((G58/H58)*60, "") | P58: =IF(ISBLANK(E58), "", TRANSPOSE(INDIRECT(E58)))
A59: =WEEKNUM(D59,2) -> 26 | B59: =IF(OR(WEEKDAY(D59)=1, WEEKDAY(D59)=7), TEXT(D59, "dddd"), IF(COUNTIF(Reference!$A$13:$A$27, D59) > 0, "Holiday", TEXT(D59, "dddd"))) -> Saturday | C59: =TEXT(D59,"dddd") -> Saturday | D59: 46200 | I59: =IFERROR((G59/H59)*60, "") | P59: =IF(ISBLANK(E59), "", TRANSPOSE(INDIRECT(E59)))
A60: =WEEKNUM(D60,2) -> 26 | B60: =IF(OR(WEEKDAY(D60)=1, WEEKDAY(D60)=7), TEXT(D60, "dddd"), IF(COUNTIF(Reference!$A$13:$A$27, D60) > 0, "Holiday", TEXT(D60, "dddd"))) -> Sunday | C60: =TEXT(D60,"dddd") -> Sunday | D60: 46201 | I60: =IFERROR((G60/H60)*60, "") | P60: =IF(ISBLANK(E60), "", TRANSPOSE(INDIRECT(E60)))
A61: =WEEKNUM(D61,2) -> 27 | B61: =IF(OR(WEEKDAY(D61)=1, WEEKDAY(D61)=7), TEXT(D61, "dddd"), IF(COUNTIF(Reference!$A$13:$A$27, D61) > 0, "Holiday", TEXT(D61, "dddd"))) -> Monday | C61: =TEXT(D61,"dddd") -> Monday | D61: 46202 | I61: =IFERROR((G61/H61)*60, "") | P61: =IF(ISBLANK(E61), "", TRANSPOSE(INDIRECT(E61)))
A62: =WEEKNUM(D62,2) -> 27 | B62: =IF(OR(WEEKDAY(D62)=1, WEEKDAY(D62)=7), TEXT(D62, "dddd"), IF(COUNTIF(Reference!$A$13:$A$27, D62) > 0, "Holiday", TEXT(D62, "dddd"))) -> Tuesday | C62: =TEXT(D62,"dddd") -> Tuesday | D62: 46203 | I62: =IFERROR((G62/H62)*60, "") | P62: =IF(ISBLANK(E62), "", TRANSPOSE(INDIRECT(E62)))
A63: =WEEKNUM(D63,2) -> 27 | B63: =IF(OR(WEEKDAY(D63)=1, WEEKDAY(D63)=7), TEXT(D63, "dddd"), IF(COUNTIF(Reference!$A$13:$A$27, D63) > 0, "Holiday", TEXT(D63, "dddd"))) -> Wednesday | C63: =TEXT(D63,"dddd") -> Wednesday | D63: 46204 | I63: =IFERROR((G63/H63)*60, "") | P63: =IF(ISBLANK(E63), "", TRANSPOSE(INDIRECT(E63)))
A64: =WEEKNUM(D64,2) -> 27 | B64: =IF(OR(WEEKDAY(D64)=1, WEEKDAY(D64)=7), TEXT(D64, "dddd"), IF(COUNTIF(Reference!$A$13:$A$27, D64) > 0, "Holiday", TEXT(D64, "dddd"))) -> Thursday | C64: =TEXT(D64,"dddd") -> Thursday | D64: 46205 | I64: =IFERROR((G64/H64)*60, "") | P64: =IF(ISBLANK(E64), "", TRANSPOSE(INDIRECT(E64)))
A65: =WEEKNUM(D65,2) -> 27 | B65: =IF(OR(WEEKDAY(D65)=1, WEEKDAY(D65)=7), TEXT(D65, "dddd"), IF(COUNTIF(Reference!$A$13:$A$27, D65) > 0, "Holiday", TEXT(D65, "dddd"))) -> Friday | C65: =TEXT(D65,"dddd") -> Friday | D65: 46206 | I65: =IFERROR((G65/H65)*60, "") | P65: =IF(ISBLANK(E65), "", TRANSPOSE(INDIRECT(E65)))
A66: =WEEKNUM(D66,2) -> 27 | B66: =IF(OR(WEEKDAY(D66)=1, WEEKDAY(D66)=7), TEXT(D66, "dddd"), IF(COUNTIF(Reference!$A$13:$A$27, D66) > 0, "Holiday", TEXT(D66, "dddd"))) -> Saturday | C66: =TEXT(D66,"dddd") -> Saturday | D66: 46207 | I66: =IFERROR((G66/H66)*60, "") | P66: =IF(ISBLANK(E66), "", TRANSPOSE(INDIRECT(E66)))
A67: =WEEKNUM(D67,2) -> 27 | B67: =IF(OR(WEEKDAY(D67)=1, WEEKDAY(D67)=7), TEXT(D67, "dddd"), IF(COUNTIF(Reference!$A$13:$A$27, D67) > 0, "Holiday", TEXT(D67, "dddd"))) -> Sunday | C67: =TEXT(D67,"dddd") -> Sunday | D67: 46208 | I67: =IFERROR((G67/H67)*60, "") | P67: =IF(ISBLANK(E67), "", TRANSPOSE(INDIRECT(E67)))
... A246: =WEEKNUM(D246,2) -> 53 | B246: =IF(OR(WEEKDAY(D246)=1, WEEKDAY(D246)=7), TEXT(D246, "dddd"), IF(COUNTIF(Reference!$A$13:$A$27, D246) > 0, "Holiday", TEXT(D246, "dddd"))) -> Holiday | C246: =TEXT(D246,"dddd") -> Thursday | D246: 46387 | I246: =IFERROR((G246/H246)*60, "") | P246: =IF(ISBLANK(E246), "", TRANSPOSE(INDIRECT(E246)))

Sheet Sailesh
A1: KW | B1: Holiday OR Weekend | C1: Day | D1: Date | E1: Project | F1: Task | G1: Duration (Hrs) | H1: # of Signals | I1: Time per Signal (mins) | J1: Notes
A2: =WEEKNUM(D2,2) -> 18 | B2: =IF(OR(WEEKDAY(D2)=1, WEEKDAY(D2)=7), TEXT(D2, "dddd"), IF(COUNTIF(Reference!$A$13:$A$27, D2) > 0, "Holiday", TEXT(D2, "dddd"))) -> Holiday | C2: =TEXT(D2,"dddd") -> Friday | D2: 46143 | P2: =IF(ISBLANK(E2), "", TRANSPOSE(INDIRECT(E2)))
A3: =WEEKNUM(D3,2) -> 18 | B3: =IF(OR(WEEKDAY(D3)=1, WEEKDAY(D3)=7), TEXT(D3, "dddd"), IF(COUNTIF(Reference!$A$13:$A$27, D3) > 0, "Holiday", TEXT(D3, "dddd"))) -> Saturday | C3: =TEXT(D3,"dddd") -> Saturday | D3: 46144 | I3: =IFERROR((G3/H3)*60, "") | P3: =IF(ISBLANK(E3), "", TRANSPOSE(INDIRECT(E3)))
A4: =WEEKNUM(D4,2) -> 18 | B4: =IF(OR(WEEKDAY(D4)=1, WEEKDAY(D4)=7), TEXT(D4, "dddd"), IF(COUNTIF(Reference!$A$13:$A$27, D4) > 0, "Holiday", TEXT(D4, "dddd"))) -> Sunday | C4: =TEXT(D4,"dddd") -> Sunday | D4: 46145 | I4: =IFERROR((G4/H4)*60, "") | P4: =IF(ISBLANK(E4), "", TRANSPOSE(INDIRECT(E4)))
A5: =WEEKNUM(D5,2) -> 19 | B5: =IF(OR(WEEKDAY(D5)=1, WEEKDAY(D5)=7), TEXT(D5, "dddd"), IF(COUNTIF(Reference!$A$13:$A$27, D5) > 0, "Holiday", TEXT(D5, "dddd"))) -> Monday | C5: =TEXT(D5,"dddd") -> Monday | D5: 46146 | I5: =IFERROR((G5/H5)*60, "") | P5: =IF(ISBLANK(E5), "", TRANSPOSE(INDIRECT(E5)))
A6: =WEEKNUM(D6,2) -> 19 | B6: =IF(OR(WEEKDAY(D6)=1, WEEKDAY(D6)=7), TEXT(D6, "dddd"), IF(COUNTIF(Reference!$A$13:$A$27, D6) > 0, "Holiday", TEXT(D6, "dddd"))) -> Tuesday | C6: =TEXT(D6,"dddd") -> Tuesday | D6: 46147 | E6: Manual_TPfC | F6: TPfC Phase 3 | G6: 8 | I6: =IFERROR((G6/H6)*60, "") | P6: =IF(ISBLANK(E6), "", TRANSPOSE(INDIRECT(E6))) -> TPfC Phase 3 | Q6: TPfC Phase 4
A7: =WEEKNUM(D7,2) -> 19 | B7: =IF(OR(WEEKDAY(D7)=1, WEEKDAY(D7)=7), TEXT(D7, "dddd"), IF(COUNTIF(Reference!$A$13:$A$27, D7) > 0, "Holiday", TEXT(D7, "dddd"))) -> Wednesday | C7: =TEXT(D7,"dddd") -> Wednesday | D7: 46148 | I7: =IFERROR((G7/H7)*60, "") | P7: =IF(ISBLANK(E7), "", TRANSPOSE(INDIRECT(E7)))
A8: =WEEKNUM(D8,2) -> 19 | B8: =IF(OR(WEEKDAY(D8)=1, WEEKDAY(D8)=7), TEXT(D8, "dddd"), IF(COUNTIF(Reference!$A$13:$A$27, D8) > 0, "Holiday", TEXT(D8, "dddd"))) -> Thursday | C8: =TEXT(D8,"dddd") -> Thursday | D8: 46149 | I8: =IFERROR((G8/H8)*60, "") | P8: =IF(ISBLANK(E8), "", TRANSPOSE(INDIRECT(E8)))
A9: =WEEKNUM(D9,2) -> 19 | B9: =IF(OR(WEEKDAY(D9)=1, WEEKDAY(D9)=7), TEXT(D9, "dddd"), IF(COUNTIF(Reference!$A$13:$A$27, D9) > 0, "Holiday", TEXT(D9, "dddd"))) -> Friday | C9: =TEXT(D9,"dddd") -> Friday | D9: 46150 | I9: =IFERROR((G9/H9)*60, "") | P9: =IF(ISBLANK(E9), "", TRANSPOSE(INDIRECT(E9)))
A10: =WEEKNUM(D10,2) -> 19 | B10: =IF(OR(WEEKDAY(D10)=1, WEEKDAY(D10)=7), TEXT(D10, "dddd"), IF(COUNTIF(Reference!$A$13:$A$27, D10) > 0, "Holiday", TEXT(D10, "dddd"))) -> Saturday | C10: =TEXT(D10,"dddd") -> Saturday | D10: 46151 | I10: =IFERROR((G10/H10)*60, "") | P10: =IF(ISBLANK(E10), "", TRANSPOSE(INDIRECT(E10)))
A11: =WEEKNUM(D11,2) -> 19 | B11: =IF(OR(WEEKDAY(D11)=1, WEEKDAY(D11)=7), TEXT(D11, "dddd"), IF(COUNTIF(Reference!$A$13:$A$27, D11) > 0, "Holiday", TEXT(D11, "dddd"))) -> Sunday | C11: =TEXT(D11,"dddd") -> Sunday | D11: 46152 | I11: =IFERROR((G11/H11)*60, "") | P11: =IF(ISBLANK(E11), "", TRANSPOSE(INDIRECT(E11)))
A12: =WEEKNUM(D12,2) -> 20 | B12: =IF(OR(WEEKDAY(D12)=1, WEEKDAY(D12)=7), TEXT(D12, "dddd"), IF(COUNTIF(Reference!$A$13:$A$27, D12) > 0, "Holiday", TEXT(D12, "dddd"))) -> Monday | C12: =TEXT(D12,"dddd") -> Monday | D12: 46153 | P12: =IF(ISBLANK(E12), "", TRANSPOSE(INDIRECT(E12)))
A13: =WEEKNUM(D13,2) -> 20 | B13: =IF(OR(WEEKDAY(D13)=1, WEEKDAY(D13)=7), TEXT(D13, "dddd"), IF(COUNTIF(Reference!$A$13:$A$27, D13) > 0, "Holiday", TEXT(D13, "dddd"))) -> Tuesday | C13: =TEXT(D13,"dddd") -> Tuesday | D13: 46154 | E13: Manual_TPfC | F13: TPfC Phase 3 | G13: 8 | P13: =IF(ISBLANK(E13), "", TRANSPOSE(INDIRECT(E13))) -> TPfC Phase 3 | Q13: TPfC Phase 4
A14: =WEEKNUM(D14,2) -> 20 | B14: =IF(OR(WEEKDAY(D14)=1, WEEKDAY(D14)=7), TEXT(D14, "dddd"), IF(COUNTIF(Reference!$A$13:$A$27, D14) > 0, "Holiday", TEXT(D14, "dddd"))) -> Wednesday | C14: =TEXT(D14,"dddd") -> Wednesday | D14: 46155 | E14: Manual_TPfC | F14: TPfC Phase 3 | G14: 8 | P14: =IF(ISBLANK(E14), "", TRANSPOSE(INDIRECT(E14))) -> TPfC Phase 3 | Q14: TPfC Phase 4
A15: =WEEKNUM(D15,2) -> 20 | B15: =IF(OR(WEEKDAY(D15)=1, WEEKDAY(D15)=7), TEXT(D15, "dddd"), IF(COUNTIF(Reference!$A$13:$A$27, D15) > 0, "Holiday", TEXT(D15, "dddd"))) -> Holiday | C15: =TEXT(D15,"dddd") -> Thursday | D15: 46156 | E15: Additional_Tasks | F15: Others (Specify in "Notes") | G15: 4 | I15: =IFERROR((G15/H15)*60, "") | J15: Automaps Generator | P15: =IF(ISBLANK(E15), "", TRANSPOSE(INDIRECT(E15))) -> Audi Crossings QC | Q15: Barcelona Plans | R15: Signal phasing | S15: Italy invistigation | T15: Others (Specify in "Notes")
A16: =WEEKNUM(D16,2) -> 20 | B16: =IF(OR(WEEKDAY(D16)=1, WEEKDAY(D16)=7), TEXT(D16, "dddd"), IF(COUNTIF(Reference!$A$13:$A$27, D16) > 0, "Holiday", TEXT(D16, "dddd"))) -> Friday | C16: =TEXT(D16,"dddd") -> Friday | D16: 46157 | I16: =IFERROR((G16/H16)*60, "") | P16: =IF(ISBLANK(E16), "", TRANSPOSE(INDIRECT(E16)))
A17: =WEEKNUM(D17,2) -> 20 | B17: =IF(OR(WEEKDAY(D17)=1, WEEKDAY(D17)=7), TEXT(D17, "dddd"), IF(COUNTIF(Reference!$A$13:$A$27, D17) > 0, "Holiday", TEXT(D17, "dddd"))) -> Saturday | C17: =TEXT(D17,"dddd") -> Saturday | D17: 46158 | I17: =IFERROR((G17/H17)*60, "") | P17: =IF(ISBLANK(E17), "", TRANSPOSE(INDIRECT(E17)))
A18: =WEEKNUM(D18,2) -> 20 | B18: =IF(OR(WEEKDAY(D18)=1, WEEKDAY(D18)=7), TEXT(D18, "dddd"), IF(COUNTIF(Reference!$A$13:$A$27, D18) > 0, "Holiday", TEXT(D18, "dddd"))) -> Sunday | C18: =TEXT(D18,"dddd") -> Sunday | D18: 46159 | I18: =IFERROR((G18/H18)*60, "") | P18: =IF(ISBLANK(E18), "", TRANSPOSE(INDIRECT(E18)))
A19: =WEEKNUM(D19,2) -> 21 | B19: =IF(OR(WEEKDAY(D19)=1, WEEKDAY(D19)=7), TEXT(D19, "dddd"), IF(COUNTIF(Reference!$A$13:$A$27, D19) > 0, "Holiday", TEXT(D19, "dddd"))) -> Monday | C19: =TEXT(D19,"dddd") -> Monday | D19: 46160 | I19: =IFERROR((G19/H19)*60, "") | J19: Krank | P19: =IF(ISBLANK(E19), "", TRANSPOSE(INDIRECT(E19)))
A20: =WEEKNUM(D20,2) -> 21 | B20: =IF(OR(WEEKDAY(D20)=1, WEEKDAY(D20)=7), TEXT(D20, "dddd"), IF(COUNTIF(Reference!$A$13:$A$27, D20) > 0, "Holiday", TEXT(D20, "dddd"))) -> Tuesday | C20: =TEXT(D20,"dddd") -> Tuesday | D20: 46161 | I20: =IFERROR((G20/H20)*60, "") | J20: Krank | P20: =IF(ISBLANK(E20), "", TRANSPOSE(INDIRECT(E20)))
A21: =WEEKNUM(D21,2) -> 21 | B21: =IF(OR(WEEKDAY(D21)=1, WEEKDAY(D21)=7), TEXT(D21, "dddd"), IF(COUNTIF(Reference!$A$13:$A$27, D21) > 0, "Holiday", TEXT(D21, "dddd"))) -> Wednesday | C21: =TEXT(D21,"dddd") -> Wednesday | D21: 46162 | I21: =IFERROR((G21/H21)*60, "") | J21: Krank | P21: =IF(ISBLANK(E21), "", TRANSPOSE(INDIRECT(E21)))
A22: =WEEKNUM(D22,2) -> 21 | B22: =IF(OR(WEEKDAY(D22)=1, WEEKDAY(D22)=7), TEXT(D22, "dddd"), IF(COUNTIF(Reference!$A$13:$A$27, D22) > 0, "Holiday", TEXT(D22, "dddd"))) -> Thursday | C22: =TEXT(D22,"dddd") -> Thursday | D22: 46163 | I22: =IFERROR((G22/#REF!)*60, "") | P22: =IF(ISBLANK(E22), "", TRANSPOSE(INDIRECT(E22)))
A23: =WEEKNUM(D23,2) -> 21 | B23: =IF(OR(WEEKDAY(D23)=1, WEEKDAY(D23)=7), TEXT(D23, "dddd"), IF(COUNTIF(Reference!$A$13:$A$27, D23) > 0, "Holiday", TEXT(D23, "dddd"))) -> Friday | C23: =TEXT(D23,"dddd") -> Friday | D23: 46164 | E23: Manual_TPfC | F23: TPfC Phase 3 | G23: 8 | H23: 11 | I23: =IFERROR((G23/H23)*60, "") -> 43.636364 | P23: =IF(ISBLANK(E23), "", TRANSPOSE(INDIRECT(E23))) -> TPfC Phase 3 | Q23: TPfC Phase 4
A24: =WEEKNUM(D24,2) -> 21 | B24: =IF(OR(WEEKDAY(D24)=1, WEEKDAY(D24)=7), TEXT(D24, "dddd"), IF(COUNTIF(Reference!$A$13:$A$27, D24) > 0, "Holiday", TEXT(D24, "dddd"))) -> Saturday | C24: =TEXT(D24,"dddd") -> Saturday | D24: 46165 | I24: =IFERROR((G24/H24)*60, "") | P24: =IF(ISBLANK(E24), "", TRANSPOSE(INDIRECT(E24)))
A25: =WEEKNUM(D25,2) -> 21 | B25: =IF(OR(WEEKDAY(D25)=1, WEEKDAY(D25)=7), TEXT(D25, "dddd"), IF(COUNTIF(Reference!$A$13:$A$27, D25) > 0, "Holiday", TEXT(D25, "dddd"))) -> Sunday | C25: =TEXT(D25,"dddd") -> Sunday | D25: 46166 | I25: =IFERROR((G25/H25)*60, "") | P25: =IF(ISBLANK(E25), "", TRANSPOSE(INDIRECT(E25)))
A26: =WEEKNUM(D26,2) -> 22 | B26: =IF(OR(WEEKDAY(D26)=1, WEEKDAY(D26)=7), TEXT(D26, "dddd"), IF(COUNTIF(Reference!$A$13:$A$27, D26) > 0, "Holiday", TEXT(D26, "dddd"))) -> Holiday | C26: =TEXT(D26,"dddd") -> Monday | D26: 46167 | I26: =IFERROR((G26/H26)*60, "") | P26: =IF(ISBLANK(E26), "", TRANSPOSE(INDIRECT(E26)))
A27: =WEEKNUM(D27,2) -> 22 | B27: =IF(OR(WEEKDAY(D27)=1, WEEKDAY(D27)=7), TEXT(D27, "dddd"), IF(COUNTIF(Reference!$A$13:$A$27, D27) > 0, "Holiday", TEXT(D27, "dddd"))) -> Tuesday | C27: =TEXT(D27,"dddd") -> Tuesday | D27: 46168 | E27: Manual_TPfC | F27: TPfC Phase 3 | G27: 8 | H27: 11 | I27: =IFERROR((G27/H27)*60, "") -> 43.636364 | P27: =IF(ISBLANK(E27), "", TRANSPOSE(INDIRECT(E27))) -> TPfC Phase 3 | Q27: TPfC Phase 4
A28: =WEEKNUM(D28,2) -> 22 | B28: =IF(OR(WEEKDAY(D28)=1, WEEKDAY(D28)=7), TEXT(D28, "dddd"), IF(COUNTIF(Reference!$A$13:$A$27, D28) > 0, "Holiday", TEXT(D28, "dddd"))) -> Wednesday | C28: =TEXT(D28,"dddd") -> Wednesday | D28: 46169 | E28: Manual_TPfC | F28: TPfC Phase 3 | G28: 6 | H28: 8 | I28: =IFERROR((G28/H28)*60, "") -> 45 | P28: =IF(ISBLANK(E28), "", TRANSPOSE(INDIRECT(E28))) -> TPfC Phase 3 | Q28: TPfC Phase 4
A29: =WEEKNUM(D29,2) -> 22 | B29: =IF(OR(WEEKDAY(D29)=1, WEEKDAY(D29)=7), TEXT(D29, "dddd"), IF(COUNTIF(Reference!$A$13:$A$27, D29) > 0, "Holiday", TEXT(D29, "dddd"))) -> Thursday | C29: =TEXT(D29,"dddd") -> Thursday | D29: 46170 | E29: Manual_TPfC | F29: TPfC Phase 3 | G29: 6 | H29: 8 | I29: =IFERROR((G29/H29)*60, "") -> 45 | P29: =IF(ISBLANK(E29), "", TRANSPOSE(INDIRECT(E29))) -> TPfC Phase 3 | Q29: TPfC Phase 4
A30: =WEEKNUM(D30,2) -> 22 | B30: =IF(OR(WEEKDAY(D30)=1, WEEKDAY(D30)=7), TEXT(D30, "dddd"), IF(COUNTIF(Reference!$A$13:$A$27, D30) > 0, "Holiday", TEXT(D30, "dddd"))) -> Friday | C30: =TEXT(D30,"dddd") -> Friday | D30: 46171 | I30: =IFERROR((G30/H30)*60, "") | P30: =IF(ISBLANK(E30), "", TRANSPOSE(INDIRECT(E30)))
A31: =WEEKNUM(D31,2) -> 22 | B31: =IF(OR(WEEKDAY(D31)=1, WEEKDAY(D31)=7), TEXT(D31, "dddd"), IF(COUNTIF(Reference!$A$13:$A$27, D31) > 0, "Holiday", TEXT(D31, "dddd"))) -> Saturday | C31: =TEXT(D31,"dddd") -> Saturday | D31: 46172 | I31: =IFERROR((G31/H31)*60, "") | P31: =IF(ISBLANK(E31), "", TRANSPOSE(INDIRECT(E31)))
A32: =WEEKNUM(D32,2) -> 22 | B32: =IF(OR(WEEKDAY(D32)=1, WEEKDAY(D32)=7), TEXT(D32, "dddd"), IF(COUNTIF(Reference!$A$13:$A$27, D32) > 0, "Holiday", TEXT(D32, "dddd"))) -> Sunday | C32: =TEXT(D32,"dddd") -> Sunday | D32: 46173 | I32: =IFERROR((G32/H32)*60, "") | P32: =IF(ISBLANK(E32), "", TRANSPOSE(INDIRECT(E32)))
A33: =WEEKNUM(D33,2) -> 23 | B33: =IF(OR(WEEKDAY(D33)=1, WEEKDAY(D33)=7), TEXT(D33, "dddd"), IF(COUNTIF(Reference!$A$13:$A$27, D33) > 0, "Holiday", TEXT(D33, "dddd"))) -> Monday | C33: =TEXT(D33,"dddd") -> Monday | D33: 46174 | E33: Manual_TPfC | F33: TPfC Phase 3 | G33: 8 | H33: 35 | I33: =IFERROR((G33/H33)*60, "") -> 13.714286 | P33: =IF(ISBLANK(E33), "", TRANSPOSE(INDIRECT(E33))) -> TPfC Phase 3 | Q33: TPfC Phase 4
A34: =WEEKNUM(D34,2) -> 23 | B34: =IF(OR(WEEKDAY(D34)=1, WEEKDAY(D34)=7), TEXT(D34, "dddd"), IF(COUNTIF(Reference!$A$13:$A$27, D34) > 0, "Holiday", TEXT(D34, "dddd"))) -> Tuesday | C34: =TEXT(D34,"dddd") -> Tuesday | D34: 46175 | E34: Manual_TPfC | F34: TPfC Phase 3 | G34: 4 | H34: 30 | I34: =IFERROR((G34/H34)*60, "") -> 8 | P34: =IF(ISBLANK(E34), "", TRANSPOSE(INDIRECT(E34))) -> TPfC Phase 3 | Q34: TPfC Phase 4
A35: =WEEKNUM(D35,2) -> 23 | B35: =IF(OR(WEEKDAY(D35)=1, WEEKDAY(D35)=7), TEXT(D35, "dddd"), IF(COUNTIF(Reference!$A$13:$A$27, D35) > 0, "Holiday", TEXT(D35, "dddd"))) -> Wednesday | C35: =TEXT(D35,"dddd") -> Wednesday | D35: 46176 | E35: Manual_TPfC | F35: TPfC Phase 3 | G35: 8 | H35: 49 | I35: =IFERROR((G35/H35)*60, "") -> 9.7959184 | P35: =IF(ISBLANK(E35), "", TRANSPOSE(INDIRECT(E35))) -> TPfC Phase 3 | Q35: TPfC Phase 4
A36: =WEEKNUM(D36,2) -> 23 | B36: =IF(OR(WEEKDAY(D36)=1, WEEKDAY(D36)=7), TEXT(D36, "dddd"), IF(COUNTIF(Reference!$A$13:$A$27, D36) > 0, "Holiday", TEXT(D36, "dddd"))) -> Holiday | C36: =TEXT(D36,"dddd") -> Thursday | D36: 46177 | I36: =IFERROR((G36/H36)*60, "") | P36: =IF(ISBLANK(E36), "", TRANSPOSE(INDIRECT(E36)))
A37: =WEEKNUM(D37,2) -> 23 | B37: =IF(OR(WEEKDAY(D37)=1, WEEKDAY(D37)=7), TEXT(D37, "dddd"), IF(COUNTIF(Reference!$A$13:$A$27, D37) > 0, "Holiday", TEXT(D37, "dddd"))) -> Friday | C37: =TEXT(D37,"dddd") -> Friday | D37: 46178 | I37: =IFERROR((G37/H37)*60, "") | P37: =IF(ISBLANK(E37), "", TRANSPOSE(INDIRECT(E37)))
A38: =WEEKNUM(D38,2) -> 23 | B38: =IF(OR(WEEKDAY(D38)=1, WEEKDAY(D38)=7), TEXT(D38, "dddd"), IF(COUNTIF(Reference!$A$13:$A$27, D38) > 0, "Holiday", TEXT(D38, "dddd"))) -> Saturday | C38: =TEXT(D38,"dddd") -> Saturday | D38: 46179 | I38: =IFERROR((G38/H38)*60, "") | P38: =IF(ISBLANK(E38), "", TRANSPOSE(INDIRECT(E38)))
A39: =WEEKNUM(D39,2) -> 23 | B39: =IF(OR(WEEKDAY(D39)=1, WEEKDAY(D39)=7), TEXT(D39, "dddd"), IF(COUNTIF(Reference!$A$13:$A$27, D39) > 0, "Holiday", TEXT(D39, "dddd"))) -> Sunday | C39: =TEXT(D39,"dddd") -> Sunday | D39: 46180 | I39: =IFERROR((G39/H39)*60, "") | P39: =IF(ISBLANK(E39), "", TRANSPOSE(INDIRECT(E39)))
A40: =WEEKNUM(D40,2) -> 24 | B40: =IF(OR(WEEKDAY(D40)=1, WEEKDAY(D40)=7), TEXT(D40, "dddd"), IF(COUNTIF(Reference!$A$13:$A$27, D40) > 0, "Holiday", TEXT(D40, "dddd"))) -> Monday | C40: =TEXT(D40,"dddd") -> Monday | D40: 46181 | I40: =IFERROR((G40/H40)*60, "") | P40: =IF(ISBLANK(E40), "", TRANSPOSE(INDIRECT(E40)))
A41: =WEEKNUM(D41,2) -> 24 | B41: =IF(OR(WEEKDAY(D41)=1, WEEKDAY(D41)=7), TEXT(D41, "dddd"), IF(COUNTIF(Reference!$A$13:$A$27, D41) > 0, "Holiday", TEXT(D41, "dddd"))) -> Tuesday | C41: =TEXT(D41,"dddd") -> Tuesday | D41: 46182 | E41: Manual_TPfC | F41: TPfC Phase 3 | G41: 6 | H41: 15 | I41: =IFERROR((G41/H41)*60, "") -> 24 | P41: =IF(ISBLANK(E41), "", TRANSPOSE(INDIRECT(E41))) -> TPfC Phase 3 | Q41: TPfC Phase 4
A42: =WEEKNUM(D42,2) -> 24 | B42: =IF(OR(WEEKDAY(D42)=1, WEEKDAY(D42)=7), TEXT(D42, "dddd"), IF(COUNTIF(Reference!$A$13:$A$27, D42) > 0, "Holiday", TEXT(D42, "dddd"))) -> Wednesday | C42: =TEXT(D42,"dddd") -> Wednesday | D42: 46183 | E42: Topology_Coding | F42: UK | G42: 8 | H42: 24 | I42: =IFERROR((G42/H42)*60, "") -> 20 | P42: =IF(ISBLANK(E42), "", TRANSPOSE(INDIRECT(E42))) -> Netherlands | Q42: Norway | R42: Switzerland | S42: UK
A43: =WEEKNUM(D43,2) -> 24 | B43: =IF(OR(WEEKDAY(D43)=1, WEEKDAY(D43)=7), TEXT(D43, "dddd"), IF(COUNTIF(Reference!$A$13:$A$27, D43) > 0, "Holiday", TEXT(D43, "dddd"))) -> Thursday | C43: =TEXT(D43,"dddd") -> Thursday | D43: 46184 | E43: Manual_TPfC | F43: TPfC Phase 3 | G43: 6 | H43: 10 | I43: =IFERROR((G43/H43)*60, "") -> 36 | P43: =IF(ISBLANK(E43), "", TRANSPOSE(INDIRECT(E43))) -> TPfC Phase 3 | Q43: TPfC Phase 4
A44: =WEEKNUM(D44,2) -> 24 | B44: =IF(OR(WEEKDAY(D44)=1, WEEKDAY(D44)=7), TEXT(D44, "dddd"), IF(COUNTIF(Reference!$A$13:$A$27, D44) > 0, "Holiday", TEXT(D44, "dddd"))) -> Friday | C44: =TEXT(D44,"dddd") -> Friday | D44: 46185 | I44: =IFERROR((G44/H44)*60, "") | P44: =IF(ISBLANK(E44), "", TRANSPOSE(INDIRECT(E44)))
A45: =WEEKNUM(D45,2) -> 24 | B45: =IF(OR(WEEKDAY(D45)=1, WEEKDAY(D45)=7), TEXT(D45, "dddd"), IF(COUNTIF(Reference!$A$13:$A$27, D45) > 0, "Holiday", TEXT(D45, "dddd"))) -> Saturday | C45: =TEXT(D45,"dddd") -> Saturday | D45: 46186 | I45: =IFERROR((G45/H45)*60, "") | P45: =IF(ISBLANK(E45), "", TRANSPOSE(INDIRECT(E45)))
A46: =WEEKNUM(D46,2) -> 24 | B46: =IF(OR(WEEKDAY(D46)=1, WEEKDAY(D46)=7), TEXT(D46, "dddd"), IF(COUNTIF(Reference!$A$13:$A$27, D46) > 0, "Holiday", TEXT(D46, "dddd"))) -> Sunday | C46: =TEXT(D46,"dddd") -> Sunday | D46: 46187 | I46: =IFERROR((G46/H46)*60, "") | P46: =IF(ISBLANK(E46), "", TRANSPOSE(INDIRECT(E46)))
A47: =WEEKNUM(D47,2) -> 25 | B47: =IF(OR(WEEKDAY(D47)=1, WEEKDAY(D47)=7), TEXT(D47, "dddd"), IF(COUNTIF(Reference!$A$13:$A$27, D47) > 0, "Holiday", TEXT(D47, "dddd"))) -> Monday | C47: =TEXT(D47,"dddd") -> Monday | D47: 46188 | E47: Topology_Coding | F47: Switzerland | G47: 6 | H47: 14 | I47: =IFERROR((G47/H47)*60, "") -> 25.714286 | P47: =IF(ISBLANK(E47), "", TRANSPOSE(INDIRECT(E47))) -> Netherlands | Q47: Norway | R47: Switzerland | S47: UK
A48: =WEEKNUM(D48,2) -> 25 | B48: =IF(OR(WEEKDAY(D48)=1, WEEKDAY(D48)=7), TEXT(D48, "dddd"), IF(COUNTIF(Reference!$A$13:$A$27, D48) > 0, "Holiday", TEXT(D48, "dddd"))) -> Tuesday | C48: =TEXT(D48,"dddd") -> Tuesday | D48: 46189 | E48: Topology_Coding | F48: Switzerland | G48: 6 | H48: 18 | I48: =IFERROR((G48/H48)*60, "") -> 20 | P48: =IF(ISBLANK(E48), "", TRANSPOSE(INDIRECT(E48))) -> Netherlands | Q48: Norway | R48: Switzerland | S48: UK
A49: =WEEKNUM(D49,2) -> 25 | B49: =IF(OR(WEEKDAY(D49)=1, WEEKDAY(D49)=7), TEXT(D49, "dddd"), IF(COUNTIF(Reference!$A$13:$A$27, D49) > 0, "Holiday", TEXT(D49, "dddd"))) -> Wednesday | C49: =TEXT(D49,"dddd") -> Wednesday | D49: 46190 | E49: Topology_Coding | F49: Switzerland | G49: 8 | H49: 22 | I49: =IFERROR((G49/H49)*60, "") -> 21.818182 | P49: =IF(ISBLANK(E49), "", TRANSPOSE(INDIRECT(E49))) -> Netherlands | Q49: Norway | R49: Switzerland | S49: UK
A50: =WEEKNUM(D50,2) -> 25 | B50: =IF(OR(WEEKDAY(D50)=1, WEEKDAY(D50)=7), TEXT(D50, "dddd"), IF(COUNTIF(Reference!$A$13:$A$27, D50) > 0, "Holiday", TEXT(D50, "dddd"))) -> Thursday | C50: =TEXT(D50,"dddd") -> Thursday | D50: 46191 | I50: =IFERROR((G50/H50)*60, "") | P50: =IF(ISBLANK(E50), "", TRANSPOSE(INDIRECT(E50)))
A51: =WEEKNUM(D51,2) -> 25 | B51: =IF(OR(WEEKDAY(D51)=1, WEEKDAY(D51)=7), TEXT(D51, "dddd"), IF(COUNTIF(Reference!$A$13:$A$27, D51) > 0, "Holiday", TEXT(D51, "dddd"))) -> Friday | C51: =TEXT(D51,"dddd") -> Friday | D51: 46192 | I51: =IFERROR((G51/H51)*60, "") | P51: =IF(ISBLANK(E51), "", TRANSPOSE(INDIRECT(E51)))
A52: =WEEKNUM(D52,2) -> 25 | B52: =IF(OR(WEEKDAY(D52)=1, WEEKDAY(D52)=7), TEXT(D52, "dddd"), IF(COUNTIF(Reference!$A$13:$A$27, D52) > 0, "Holiday", TEXT(D52, "dddd"))) -> Saturday | C52: =TEXT(D52,"dddd") -> Saturday | D52: 46193 | I52: =IFERROR((G52/H52)*60, "") | P52: =IF(ISBLANK(E52), "", TRANSPOSE(INDIRECT(E52)))
A53: =WEEKNUM(D53,2) -> 25 | B53: =IF(OR(WEEKDAY(D53)=1, WEEKDAY(D53)=7), TEXT(D53, "dddd"), IF(COUNTIF(Reference!$A$13:$A$27, D53) > 0, "Holiday", TEXT(D53, "dddd"))) -> Sunday | C53: =TEXT(D53,"dddd") -> Sunday | D53: 46194 | I53: =IFERROR((G53/H53)*60, "") | P53: =IF(ISBLANK(E53), "", TRANSPOSE(INDIRECT(E53)))
A54: =WEEKNUM(D54,2) -> 26 | B54: =IF(OR(WEEKDAY(D54)=1, WEEKDAY(D54)=7), TEXT(D54, "dddd"), IF(COUNTIF(Reference!$A$13:$A$27, D54) > 0, "Holiday", TEXT(D54, "dddd"))) -> Monday | C54: =TEXT(D54,"dddd") -> Monday | D54: 46195 | I54: =IFERROR((G54/H54)*60, "") | P54: =IF(ISBLANK(E54), "", TRANSPOSE(INDIRECT(E54)))
A55: =WEEKNUM(D55,2) -> 26 | B55: =IF(OR(WEEKDAY(D55)=1, WEEKDAY(D55)=7), TEXT(D55, "dddd"), IF(COUNTIF(Reference!$A$13:$A$27, D55) > 0, "Holiday", TEXT(D55, "dddd"))) -> Tuesday | C55: =TEXT(D55,"dddd") -> Tuesday | D55: 46196 | I55: =IFERROR((G55/H55)*60, "") | P55: =IF(ISBLANK(E55), "", TRANSPOSE(INDIRECT(E55)))
A56: =WEEKNUM(D56,2) -> 26 | B56: =IF(OR(WEEKDAY(D56)=1, WEEKDAY(D56)=7), TEXT(D56, "dddd"), IF(COUNTIF(Reference!$A$13:$A$27, D56) > 0, "Holiday", TEXT(D56, "dddd"))) -> Wednesday | C56: =TEXT(D56,"dddd") -> Wednesday | D56: 46197 | I56: =IFERROR((G56/H56)*60, "") | P56: =IF(ISBLANK(E56), "", TRANSPOSE(INDIRECT(E56)))
A57: =WEEKNUM(D57,2) -> 26 | B57: =IF(OR(WEEKDAY(D57)=1, WEEKDAY(D57)=7), TEXT(D57, "dddd"), IF(COUNTIF(Reference!$A$13:$A$27, D57) > 0, "Holiday", TEXT(D57, "dddd"))) -> Thursday | C57: =TEXT(D57,"dddd") -> Thursday | D57: 46198 | I57: =IFERROR((G57/H57)*60, "") | P57: =IF(ISBLANK(E57), "", TRANSPOSE(INDIRECT(E57)))
A58: =WEEKNUM(D58,2) -> 26 | B58: =IF(OR(WEEKDAY(D58)=1, WEEKDAY(D58)=7), TEXT(D58, "dddd"), IF(COUNTIF(Reference!$A$13:$A$27, D58) > 0, "Holiday", TEXT(D58, "dddd"))) -> Friday | C58: =TEXT(D58,"dddd") -> Friday | D58: 46199 | I58: =IFERROR((G58/H58)*60, "") | P58: =IF(ISBLANK(E58), "", TRANSPOSE(INDIRECT(E58)))
A59: =WEEKNUM(D59,2) -> 26 | B59: =IF(OR(WEEKDAY(D59)=1, WEEKDAY(D59)=7), TEXT(D59, "dddd"), IF(COUNTIF(Reference!$A$13:$A$27, D59) > 0, "Holiday", TEXT(D59, "dddd"))) -> Saturday | C59: =TEXT(D59,"dddd") -> Saturday | D59: 46200 | I59: =IFERROR((G59/H59)*60, "") | P59: =IF(ISBLANK(E59), "", TRANSPOSE(INDIRECT(E59)))
A60: =WEEKNUM(D60,2) -> 26 | B60: =IF(OR(WEEKDAY(D60)=1, WEEKDAY(D60)=7), TEXT(D60, "dddd"), IF(COUNTIF(Reference!$A$13:$A$27, D60) > 0, "Holiday", TEXT(D60, "dddd"))) -> Sunday | C60: =TEXT(D60,"dddd") -> Sunday | D60: 46201 | I60: =IFERROR((G60/H60)*60, "") | P60: =IF(ISBLANK(E60), "", TRANSPOSE(INDIRECT(E60)))
A61: =WEEKNUM(D61,2) -> 27 | B61: =IF(OR(WEEKDAY(D61)=1, WEEKDAY(D61)=7), TEXT(D61, "dddd"), IF(COUNTIF(Reference!$A$13:$A$27, D61) > 0, "Holiday", TEXT(D61, "dddd"))) -> Monday | C61: =TEXT(D61,"dddd") -> Monday | D61: 46202 | I61: =IFERROR((G61/H61)*60, "") | P61: =IF(ISBLANK(E61), "", TRANSPOSE(INDIRECT(E61)))
... A246: =WEEKNUM(D246,2) -> 53 | B246: =IF(OR(WEEKDAY(D246)=1, WEEKDAY(D246)=7), TEXT(D246, "dddd"), IF(COUNTIF(Reference!$A$13:$A$27, D246) > 0, "Holiday", TEXT(D246, "dddd"))) -> Holiday | C246: =TEXT(D246,"dddd") -> Thursday | D246: 46387 | I246: =IFERROR((G246/H246)*60, "") | P246: =IF(ISBLANK(E246), "", TRANSPOSE(INDIRECT(E246)))

Sheet Raza
A1: KW | B1: Holiday OR Weekend | C1: Day | D1: Date | E1: Project | F1: Task | G1: Duration (Hrs) | H1: # of Signals | I1: Time per Signal (mins) | J1: Notes
A2: =WEEKNUM(D2,2) -> 18 | B2: =IF(OR(WEEKDAY(D2)=1, WEEKDAY(D2)=7), TEXT(D2, "dddd"), IF(COUNTIF(Reference!$A$13:$A$27, D2) > 0, "Holiday", TEXT(D2, "dddd"))) -> Holiday | C2: =TEXT(D2,"dddd") -> Friday | D2: 46143 | P2: =IF(ISBLANK(E2), "", TRANSPOSE(INDIRECT(E2)))
A3: =WEEKNUM(D3,2) -> 18 | B3: =IF(OR(WEEKDAY(D3)=1, WEEKDAY(D3)=7), TEXT(D3, "dddd"), IF(COUNTIF(Reference!$A$13:$A$27, D3) > 0, "Holiday", TEXT(D3, "dddd"))) -> Saturday | C3: =TEXT(D3,"dddd") -> Saturday | D3: 46144 | I3: =IFERROR((G3/H3)*60, "") | P3: =IF(ISBLANK(E3), "", TRANSPOSE(INDIRECT(E3)))
A4: =WEEKNUM(D4,2) -> 18 | B4: =IF(OR(WEEKDAY(D4)=1, WEEKDAY(D4)=7), TEXT(D4, "dddd"), IF(COUNTIF(Reference!$A$13:$A$27, D4) > 0, "Holiday", TEXT(D4, "dddd"))) -> Sunday | C4: =TEXT(D4,"dddd") -> Sunday | D4: 46145 | I4: =IFERROR((G4/H4)*60, "") | P4: =IF(ISBLANK(E4), "", TRANSPOSE(INDIRECT(E4)))
A5: =WEEKNUM(D5,2) -> 19 | B5: =IF(OR(WEEKDAY(D5)=1, WEEKDAY(D5)=7), TEXT(D5, "dddd"), IF(COUNTIF(Reference!$A$13:$A$27, D5) > 0, "Holiday", TEXT(D5, "dddd"))) -> Monday | C5: =TEXT(D5,"dddd") -> Monday | D5: 46146 | I5: =IFERROR((G5/H5)*60, "") | P5: =IF(ISBLANK(E5), "", TRANSPOSE(INDIRECT(E5)))
A6: =WEEKNUM(D6,2) -> 19 | B6: =IF(OR(WEEKDAY(D6)=1, WEEKDAY(D6)=7), TEXT(D6, "dddd"), IF(COUNTIF(Reference!$A$13:$A$27, D6) > 0, "Holiday", TEXT(D6, "dddd"))) -> Tuesday | C6: =TEXT(D6,"dddd") -> Tuesday | D6: 46147 | I6: =IFERROR((G6/H6)*60, "") | P6: =IF(ISBLANK(E6), "", TRANSPOSE(INDIRECT(E6)))
A7: =WEEKNUM(D7,2) -> 19 | B7: =IF(OR(WEEKDAY(D7)=1, WEEKDAY(D7)=7), TEXT(D7, "dddd"), IF(COUNTIF(Reference!$A$13:$A$27, D7) > 0, "Holiday", TEXT(D7, "dddd"))) -> Wednesday | C7: =TEXT(D7,"dddd") -> Wednesday | D7: 46148 | I7: =IFERROR((G7/H7)*60, "") | P7: =IF(ISBLANK(E7), "", TRANSPOSE(INDIRECT(E7)))
A8: =WEEKNUM(D8,2) -> 19 | B8: =IF(OR(WEEKDAY(D8)=1, WEEKDAY(D8)=7), TEXT(D8, "dddd"), IF(COUNTIF(Reference!$A$13:$A$27, D8) > 0, "Holiday", TEXT(D8, "dddd"))) -> Thursday | C8: =TEXT(D8,"dddd") -> Thursday | D8: 46149 | I8: =IFERROR((G8/H8)*60, "") | P8: =IF(ISBLANK(E8), "", TRANSPOSE(INDIRECT(E8)))
A9: =WEEKNUM(D9,2) -> 19 | B9: =IF(OR(WEEKDAY(D9)=1, WEEKDAY(D9)=7), TEXT(D9, "dddd"), IF(COUNTIF(Reference!$A$13:$A$27, D9) > 0, "Holiday", TEXT(D9, "dddd"))) -> Friday | C9: =TEXT(D9,"dddd") -> Friday | D9: 46150 | I9: =IFERROR((G9/H9)*60, "") | P9: =IF(ISBLANK(E9), "", TRANSPOSE(INDIRECT(E9)))
A10: =WEEKNUM(D10,2) -> 19 | B10: =IF(OR(WEEKDAY(D10)=1, WEEKDAY(D10)=7), TEXT(D10, "dddd"), IF(COUNTIF(Reference!$A$13:$A$27, D10) > 0, "Holiday", TEXT(D10, "dddd"))) -> Saturday | C10: =TEXT(D10,"dddd") -> Saturday | D10: 46151 | I10: =IFERROR((G10/H10)*60, "") | P10: =IF(ISBLANK(E10), "", TRANSPOSE(INDIRECT(E10)))
A11: =WEEKNUM(D11,2) -> 19 | B11: =IF(OR(WEEKDAY(D11)=1, WEEKDAY(D11)=7), TEXT(D11, "dddd"), IF(COUNTIF(Reference!$A$13:$A$27, D11) > 0, "Holiday", TEXT(D11, "dddd"))) -> Sunday | C11: =TEXT(D11,"dddd") -> Sunday | D11: 46152 | I11: =IFERROR((G11/H11)*60, "") | P11: =IF(ISBLANK(E11), "", TRANSPOSE(INDIRECT(E11)))
A12: =WEEKNUM(D12,2) -> 20 | B12: =IF(OR(WEEKDAY(D12)=1, WEEKDAY(D12)=7), TEXT(D12, "dddd"), IF(COUNTIF(Reference!$A$13:$A$27, D12) > 0, "Holiday", TEXT(D12, "dddd"))) -> Monday | C12: =TEXT(D12,"dddd") -> Monday | D12: 46153 | I12: =IFERROR((G12/H12)*60, "") | P12: =IF(ISBLANK(E12), "", TRANSPOSE(INDIRECT(E12)))
A13: =WEEKNUM(D13,2) -> 20 | B13: =IF(OR(WEEKDAY(D13)=1, WEEKDAY(D13)=7), TEXT(D13, "dddd"), IF(COUNTIF(Reference!$A$13:$A$27, D13) > 0, "Holiday", TEXT(D13, "dddd"))) -> Tuesday | C13: =TEXT(D13,"dddd") -> Tuesday | D13: 46154 | I13: =IFERROR((G13/H13)*60, "") | P13: =IF(ISBLANK(E13), "", TRANSPOSE(INDIRECT(E13)))
A14: =WEEKNUM(D14,2) -> 20 | B14: =IF(OR(WEEKDAY(D14)=1, WEEKDAY(D14)=7), TEXT(D14, "dddd"), IF(COUNTIF(Reference!$A$13:$A$27, D14) > 0, "Holiday", TEXT(D14, "dddd"))) -> Wednesday | C14: =TEXT(D14,"dddd") -> Wednesday | D14: 46155 | I14: =IFERROR((G14/H14)*60, "") | P14: =IF(ISBLANK(E14), "", TRANSPOSE(INDIRECT(E14)))
... A42: =WEEKNUM(D42,2) -> 24 | B42: =IF(OR(WEEKDAY(D42)=1, WEEKDAY(D42)=7), TEXT(D42, "dddd"), IF(COUNTIF(Reference!$A$13:$A$27, D42) > 0, "Holiday", TEXT(D42, "dddd"))) -> Wednesday | C42: =TEXT(D42,"dddd") -> Wednesday | D42: 46183 | I42: =IFERROR((G42/H42)*60, "") | P42: =IF(ISBLANK(E42), "", TRANSPOSE(INDIRECT(E42)))
A43: =WEEKNUM(D43,2) -> 24 | B43: =IF(OR(WEEKDAY(D43)=1, WEEKDAY(D43)=7), TEXT(D43, "dddd"), IF(COUNTIF(Reference!$A$13:$A$27, D43) > 0, "Holiday", TEXT(D43, "dddd"))) -> Thursday | C43: =TEXT(D43,"dddd") -> Thursday | D43: 46184 | E43: Topology_Coding | F43: Norway | G43: 5 | H43: 19 | I43: =IFERROR((G43/H43)*60, "") -> 15.789474 | P43: =IF(ISBLANK(E43), "", TRANSPOSE(INDIRECT(E43))) -> Netherlands | Q43: Norway | R43: Switzerland | S43: UK
A44: =WEEKNUM(D44,2) -> 24 | B44: =IF(OR(WEEKDAY(D44)=1, WEEKDAY(D44)=7), TEXT(D44, "dddd"), IF(COUNTIF(Reference!$A$13:$A$27, D44) > 0, "Holiday", TEXT(D44, "dddd"))) -> Friday | C44: =TEXT(D44,"dddd") -> Friday | D44: 46185 | I44: =IFERROR((G44/H44)*60, "") | P44: =IF(ISBLANK(E44), "", TRANSPOSE(INDIRECT(E44)))
A45: =WEEKNUM(D45,2) -> 24 | B45: =IF(OR(WEEKDAY(D45)=1, WEEKDAY(D45)=7), TEXT(D45, "dddd"), IF(COUNTIF(Reference!$A$13:$A$27, D45) > 0, "Holiday", TEXT(D45, "dddd"))) -> Saturday | C45: =TEXT(D45,"dddd") -> Saturday | D45: 46186 | E45: Topology_Coding | F45: Norway | G45: 7 | H45: 33 | I45: =IFERROR((G45/H45)*60, "") -> 12.727273 | P45: =IF(ISBLANK(E45), "", TRANSPOSE(INDIRECT(E45))) -> Netherlands | Q45: Norway | R45: Switzerland | S45: UK
A46: =WEEKNUM(D46,2) -> 24 | B46: =IF(OR(WEEKDAY(D46)=1, WEEKDAY(D46)=7), TEXT(D46, "dddd"), IF(COUNTIF(Reference!$A$13:$A$27, D46) > 0, "Holiday", TEXT(D46, "dddd"))) -> Sunday | C46: =TEXT(D46,"dddd") -> Sunday | D46: 46187 | E46: Topology_Coding | F46: Norway | G46: 8 | H46: 36 | I46: =IFERROR((G46/H46)*60, "") -> 13.333333 | P46: =IF(ISBLANK(E46), "", TRANSPOSE(INDIRECT(E46))) -> Netherlands | Q46: Norway | R46: Switzerland | S46: UK
A47: =WEEKNUM(D47,2) -> 25 | B47: =IF(OR(WEEKDAY(D47)=1, WEEKDAY(D47)=7), TEXT(D47, "dddd"), IF(COUNTIF(Reference!$A$13:$A$27, D47) > 0, "Holiday", TEXT(D47, "dddd"))) -> Monday | C47: =TEXT(D47,"dddd") -> Monday | D47: 46188 | I47: =IFERROR((G47/H47)*60, "") | P47: =IF(ISBLANK(E47), "", TRANSPOSE(INDIRECT(E47)))
A48: =WEEKNUM(D48,2) -> 25 | B48: =IF(OR(WEEKDAY(D48)=1, WEEKDAY(D48)=7), TEXT(D48, "dddd"), IF(COUNTIF(Reference!$A$13:$A$27, D48) > 0, "Holiday", TEXT(D48, "dddd"))) -> Tuesday | C48: =TEXT(D48,"dddd") -> Tuesday | D48: 46189 | E48: Topology_Coding | F48: Norway | G48: 6 | H48: 26 | I48: =IFERROR((G48/H48)*60, "") -> 13.846154 | P48: =IF(ISBLANK(E48), "", TRANSPOSE(INDIRECT(E48))) -> Netherlands | Q48: Norway | R48: Switzerland | S48: UK
A49: =WEEKNUM(D49,2) -> 25 | B49: =IF(OR(WEEKDAY(D49)=1, WEEKDAY(D49)=7), TEXT(D49, "dddd"), IF(COUNTIF(Reference!$A$13:$A$27, D49) > 0, "Holiday", TEXT(D49, "dddd"))) -> Wednesday | C49: =TEXT(D49,"dddd") -> Wednesday | D49: 46190 | E49: Topology_Coding | F49: Switzerland | G49: 7 | H49: 37 | I49: =IFERROR((G49/H49)*60, "") -> 11.351351 | J49: 18 Signals are from Norway | P49: =IF(ISBLANK(E49), "", TRANSPOSE(INDIRECT(E49))) -> Netherlands | Q49: Norway | R49: Switzerland | S49: UK
A50: =WEEKNUM(D50,2) -> 25 | B50: =IF(OR(WEEKDAY(D50)=1, WEEKDAY(D50)=7), TEXT(D50, "dddd"), IF(COUNTIF(Reference!$A$13:$A$27, D50) > 0, "Holiday", TEXT(D50, "dddd"))) -> Thursday | C50: =TEXT(D50,"dddd") -> Thursday | D50: 46191 | I50: =IFERROR((G50/H50)*60, "") | P50: =IF(ISBLANK(E50), "", TRANSPOSE(INDIRECT(E50)))
A51: =WEEKNUM(D51,2) -> 25 | B51: =IF(OR(WEEKDAY(D51)=1, WEEKDAY(D51)=7), TEXT(D51, "dddd"), IF(COUNTIF(Reference!$A$13:$A$27, D51) > 0, "Holiday", TEXT(D51, "dddd"))) -> Friday | C51: =TEXT(D51,"dddd") -> Friday | D51: 46192 | E51: Topology_Coding | F51: Switzerland | G51: 7 | H51: 46 | I51: =IFERROR((G51/H51)*60, "") -> 9.1304348 | P51: =IF(ISBLANK(E51), "", TRANSPOSE(INDIRECT(E51))) -> Netherlands | Q51: Norway | R51: Switzerland | S51: UK
A52: =WEEKNUM(D52,2) -> 25 | B52: =IF(OR(WEEKDAY(D52)=1, WEEKDAY(D52)=7), TEXT(D52, "dddd"), IF(COUNTIF(Reference!$A$13:$A$27, D52) > 0, "Holiday", TEXT(D52, "dddd"))) -> Saturday | C52: =TEXT(D52,"dddd") -> Saturday | D52: 46193 | I52: =IFERROR((G52/H52)*60, "") | P52: =IF(ISBLANK(E52), "", TRANSPOSE(INDIRECT(E52)))
A53: =WEEKNUM(D53,2) -> 25 | B53: =IF(OR(WEEKDAY(D53)=1, WEEKDAY(D53)=7), TEXT(D53, "dddd"), IF(COUNTIF(Reference!$A$13:$A$27, D53) > 0, "Holiday", TEXT(D53, "dddd"))) -> Sunday | C53: =TEXT(D53,"dddd") -> Sunday | D53: 46194 | I53: =IFERROR((G53/H53)*60, "") | P53: =IF(ISBLANK(E53), "", TRANSPOSE(INDIRECT(E53)))
A54: =WEEKNUM(D54,2) -> 26 | B54: =IF(OR(WEEKDAY(D54)=1, WEEKDAY(D54)=7), TEXT(D54, "dddd"), IF(COUNTIF(Reference!$A$13:$A$27, D54) > 0, "Holiday", TEXT(D54, "dddd"))) -> Monday | C54: =TEXT(D54,"dddd") -> Monday | D54: 46195 | I54: =IFERROR((G54/H54)*60, "") | P54: =IF(ISBLANK(E54), "", TRANSPOSE(INDIRECT(E54)))
A55: =WEEKNUM(D55,2) -> 26 | B55: =IF(OR(WEEKDAY(D55)=1, WEEKDAY(D55)=7), TEXT(D55, "dddd"), IF(COUNTIF(Reference!$A$13:$A$27, D55) > 0, "Holiday", TEXT(D55, "dddd"))) -> Tuesday | C55: =TEXT(D55,"dddd") -> Tuesday | D55: 46196 | I55: =IFERROR((G55/H55)*60, "") | P55: =IF(ISBLANK(E55), "", TRANSPOSE(INDIRECT(E55)))
A56: =WEEKNUM(D56,2) -> 26 | B56: =IF(OR(WEEKDAY(D56)=1, WEEKDAY(D56)=7), TEXT(D56, "dddd"), IF(COUNTIF(Reference!$A$13:$A$27, D56) > 0, "Holiday", TEXT(D56, "dddd"))) -> Wednesday | C56: =TEXT(D56,"dddd") -> Wednesday | D56: 46197 | I56: =IFERROR((G56/H56)*60, "") | P56: =IF(ISBLANK(E56), "", TRANSPOSE(INDIRECT(E56)))
A57: =WEEKNUM(D57,2) -> 26 | B57: =IF(OR(WEEKDAY(D57)=1, WEEKDAY(D57)=7), TEXT(D57, "dddd"), IF(COUNTIF(Reference!$A$13:$A$27, D57) > 0, "Holiday", TEXT(D57, "dddd"))) -> Thursday | C57: =TEXT(D57,"dddd") -> Thursday | D57: 46198 | I57: =IFERROR((G57/H57)*60, "") | P57: =IF(ISBLANK(E57), "", TRANSPOSE(INDIRECT(E57)))
A58: =WEEKNUM(D58,2) -> 26 | B58: =IF(OR(WEEKDAY(D58)=1, WEEKDAY(D58)=7), TEXT(D58, "dddd"), IF(COUNTIF(Reference!$A$13:$A$27, D58) > 0, "Holiday", TEXT(D58, "dddd"))) -> Friday | C58: =TEXT(D58,"dddd") -> Friday | D58: 46199 | I58: =IFERROR((G58/H58)*60, "") | P58: =IF(ISBLANK(E58), "", TRANSPOSE(INDIRECT(E58)))
A59: =WEEKNUM(D59,2) -> 26 | B59: =IF(OR(WEEKDAY(D59)=1, WEEKDAY(D59)=7), TEXT(D59, "dddd"), IF(COUNTIF(Reference!$A$13:$A$27, D59) > 0, "Holiday", TEXT(D59, "dddd"))) -> Saturday | C59: =TEXT(D59,"dddd") -> Saturday | D59: 46200 | I59: =IFERROR((G59/H59)*60, "") | P59: =IF(ISBLANK(E59), "", TRANSPOSE(INDIRECT(E59)))
A60: =WEEKNUM(D60,2) -> 26 | B60: =IF(OR(WEEKDAY(D60)=1, WEEKDAY(D60)=7), TEXT(D60, "dddd"), IF(COUNTIF(Reference!$A$13:$A$27, D60) > 0, "Holiday", TEXT(D60, "dddd"))) -> Sunday | C60: =TEXT(D60,"dddd") -> Sunday | D60: 46201 | I60: =IFERROR((G60/H60)*60, "") | P60: =IF(ISBLANK(E60), "", TRANSPOSE(INDIRECT(E60)))
A61: =WEEKNUM(D61,2) -> 27 | B61: =IF(OR(WEEKDAY(D61)=1, WEEKDAY(D61)=7), TEXT(D61, "dddd"), IF(COUNTIF(Reference!$A$13:$A$27, D61) > 0, "Holiday", TEXT(D61, "dddd"))) -> Monday | C61: =TEXT(D61,"dddd") -> Monday | D61: 46202 | I61: =IFERROR((G61/H61)*60, "") | P61: =IF(ISBLANK(E61), "", TRANSPOSE(INDIRECT(E61)))
A62: =WEEKNUM(D62,2) -> 27 | B62: =IF(OR(WEEKDAY(D62)=1, WEEKDAY(D62)=7), TEXT(D62, "dddd"), IF(COUNTIF(Reference!$A$13:$A$27, D62) > 0, "Holiday", TEXT(D62, "dddd"))) -> Tuesday | C62: =TEXT(D62,"dddd") -> Tuesday | D62: 46203 | I62: =IFERROR((G62/H62)*60, "") | P62: =IF(ISBLANK(E62), "", TRANSPOSE(INDIRECT(E62)))
A63: =WEEKNUM(D63,2) -> 27 | B63: =IF(OR(WEEKDAY(D63)=1, WEEKDAY(D63)=7), TEXT(D63, "dddd"), IF(COUNTIF(Reference!$A$13:$A$27, D63) > 0, "Holiday", TEXT(D63, "dddd"))) -> Wednesday | C63: =TEXT(D63,"dddd") -> Wednesday | D63: 46204 | I63: =IFERROR((G63/H63)*60, "") | P63: =IF(ISBLANK(E63), "", TRANSPOSE(INDIRECT(E63)))
... A246: =WEEKNUM(D246,2) -> 53 | B246: =IF(OR(WEEKDAY(D246)=1, WEEKDAY(D246)=7), TEXT(D246, "dddd"), IF(COUNTIF(Reference!$A$13:$A$27, D246) > 0, "Holiday", TEXT(D246, "dddd"))) -> Holiday | C246: =TEXT(D246,"dddd") -> Thursday | D246: 46387 | I246: =IFERROR((G246/H246)*60, "") | P246: =IF(ISBLANK(E246), "", TRANSPOSE(INDIRECT(E246)))

Sheet Nirali
A1: KW | B1: Holiday OR Weekend | C1: Day | D1: Date | E1: Project | F1: Task | G1: Duration (Hrs) | H1: # of Signals | I1: Time per Signal (mins) | J1: Notes
A2: =WEEKNUM(D2,2) -> 18 | B2: =IF(OR(WEEKDAY(D2)=1, WEEKDAY(D2)=7), TEXT(D2, "dddd"), IF(COUNTIF(Reference!$A$13:$A$27, D2) > 0, "Holiday", TEXT(D2, "dddd"))) -> Holiday | C2: =TEXT(D2,"dddd") -> Friday | D2: 46143 | P2: =IF(ISBLANK(E2), "", TRANSPOSE(INDIRECT(E2)))
A3: =WEEKNUM(D3,2) -> 18 | B3: =IF(OR(WEEKDAY(D3)=1, WEEKDAY(D3)=7), TEXT(D3, "dddd"), IF(COUNTIF(Reference!$A$13:$A$27, D3) > 0, "Holiday", TEXT(D3, "dddd"))) -> Saturday | C3: =TEXT(D3,"dddd") -> Saturday | D3: 46144 | I3: =IFERROR((G3/H3)*60, "") | P3: =IF(ISBLANK(E3), "", TRANSPOSE(INDIRECT(E3)))
A4: =WEEKNUM(D4,2) -> 18 | B4: =IF(OR(WEEKDAY(D4)=1, WEEKDAY(D4)=7), TEXT(D4, "dddd"), IF(COUNTIF(Reference!$A$13:$A$27, D4) > 0, "Holiday", TEXT(D4, "dddd"))) -> Sunday | C4: =TEXT(D4,"dddd") -> Sunday | D4: 46145 | I4: =IFERROR((G4/H4)*60, "") | P4: =IF(ISBLANK(E4), "", TRANSPOSE(INDIRECT(E4)))
A5: =WEEKNUM(D5,2) -> 19 | B5: =IF(OR(WEEKDAY(D5)=1, WEEKDAY(D5)=7), TEXT(D5, "dddd"), IF(COUNTIF(Reference!$A$13:$A$27, D5) > 0, "Holiday", TEXT(D5, "dddd"))) -> Monday | C5: =TEXT(D5,"dddd") -> Monday | D5: 46146 | E5: Manual_TPfC | F5: TPfC Phase 3 | G5: 8 | H5: 12 | I5: =IFERROR((G5/H5)*60, "") -> 40 | P5: =IF(ISBLANK(E5), "", TRANSPOSE(INDIRECT(E5))) -> TPfC Phase 3 | Q5: TPfC Phase 4
A6: =WEEKNUM(D6,2) -> 19 | B6: =IF(OR(WEEKDAY(D6)=1, WEEKDAY(D6)=7), TEXT(D6, "dddd"), IF(COUNTIF(Reference!$A$13:$A$27, D6) > 0, "Holiday", TEXT(D6, "dddd"))) -> Tuesday | C6: =TEXT(D6,"dddd") -> Tuesday | D6: 46147 | E6: Manual_TPfC | F6: TPfC Phase 3 | G6: 8 | H6: 11 | I6: =IFERROR((G6/H6)*60, "") -> 43.636364 | P6: =IF(ISBLANK(E6), "", TRANSPOSE(INDIRECT(E6))) -> TPfC Phase 3 | Q6: TPfC Phase 4
A7: =WEEKNUM(D7,2) -> 19 | B7: =IF(OR(WEEKDAY(D7)=1, WEEKDAY(D7)=7), TEXT(D7, "dddd"), IF(COUNTIF(Reference!$A$13:$A$27, D7) > 0, "Holiday", TEXT(D7, "dddd"))) -> Wednesday | C7: =TEXT(D7,"dddd") -> Wednesday | D7: 46148 | E7: Manual_TPfC | F7: TPfC Phase 3 | G7: 4 | H7: 5 | I7: =IFERROR((G7/H7)*60, "") -> 48 | P7: =IF(ISBLANK(E7), "", TRANSPOSE(INDIRECT(E7))) -> TPfC Phase 3 | Q7: TPfC Phase 4
A8: =WEEKNUM(D8,2) -> 19 | B8: =IF(OR(WEEKDAY(D8)=1, WEEKDAY(D8)=7), TEXT(D8, "dddd"), IF(COUNTIF(Reference!$A$13:$A$27, D8) > 0, "Holiday", TEXT(D8, "dddd"))) -> Thursday | C8: =TEXT(D8,"dddd") -> Thursday | D8: 46149 | I8: =IFERROR((G8/H8)*60, "") | P8: =IF(ISBLANK(E8), "", TRANSPOSE(INDIRECT(E8)))
A9: =WEEKNUM(D9,2) -> 19 | B9: =IF(OR(WEEKDAY(D9)=1, WEEKDAY(D9)=7), TEXT(D9, "dddd"), IF(COUNTIF(Reference!$A$13:$A$27, D9) > 0, "Holiday", TEXT(D9, "dddd"))) -> Friday | C9: =TEXT(D9,"dddd") -> Friday | D9: 46150 | I9: =IFERROR((G9/H9)*60, "") | P9: =IF(ISBLANK(E9), "", TRANSPOSE(INDIRECT(E9)))
A10: =WEEKNUM(D10,2) -> 19 | B10: =IF(OR(WEEKDAY(D10)=1, WEEKDAY(D10)=7), TEXT(D10, "dddd"), IF(COUNTIF(Reference!$A$13:$A$27, D10) > 0, "Holiday", TEXT(D10, "dddd"))) -> Saturday | C10: =TEXT(D10,"dddd") -> Saturday | D10: 46151 | I10: =IFERROR((G10/H10)*60, "") | P10: =IF(ISBLANK(E10), "", TRANSPOSE(INDIRECT(E10)))
